KO,발생시간,기판명,기판 코멘트,에러/작업번호,내용,상세,작업자,생산품종,면 정보,생산로트,source_file
KO,2025-10-16 10:23:03,SH-NEW_DELIM4,,Ea814,인터록 앞쪽 피더들뜸 센서 2,,관리자,,,,ErrLog_SH-NEW_DELIM4_0_20251016.csv
KO,2025-10-17 10:06:19,SH-NEW_DELIM4,,Ea12388,장비의 전원OFF 완료,,관리자,,,,ErrLog_SH-NEW_DELIM4_0_20251017.csv
KO,2025-10-20 10:09:38,,,Ea12387,장비의 전원ON 완료,OmAuto Address=baef9c00,디폴트 작업자,,,,ErrLog__0_20251020.csv
KO,2025-10-20 11:14:12,KMJ-EOS_T001-TOP,,Ea814,인터록 앞쪽 피더들뜸 센서 2,,관리자,,,,ErrLog_KMJ-EOS_T001-TOP_0_20251020.csv
KO,2025-10-20 11:14:17,KMJ-EOS_T001-TOP,,Ea30122,피더피치 미설정,/TableA/F25/FdrID=SSY-008-0452514B,관리자,,,,ErrLog_KMJ-EOS_T001-TOP_0_20251020.csv
KO,2025-10-20 11:20:44,KMJ-EOS_T001-TOP,,O13187,샤프트 청소 블로우 정상 종료,/TableA,관리자,,,,ErrLog_KMJ-EOS_T001-TOP_0_20251020.csv
KO,2025-10-20 14:23:32,KMJ-EOS_T001-TOP,,Ea814,인터록 앞쪽 피더들뜸 센서 2,,관리자,,,,ErrLog_KMJ-EOS_T001-TOP_225_20251020.csv
KO,2025-10-20 14:38:03,KMJ-EOS_T001-BOT,,Ea814,인터록 앞쪽 피더들뜸 센서 2,,관리자,,,,ErrLog_KMJ-EOS_T001-BOT_0_20251020.csv
KO,2025-10-20 15:04:35,KMJ-EOS_T001-BOT,,Ea12894,기판 불명,(버튼)예 /레인1 /실장위치,관리자,,,,ErrLog_KMJ-EOS_T001-BOT_1_20251020.csv
KO,2025-10-20 18:30:54,KMJ-EOS_T001-BOT,,Ea814,인터록 앞쪽 피더들뜸 센서 2,,관리자,,,,ErrLog_KMJ-EOS_T001-BOT_175_20251020.csv
KO,2025-10-21 10:23:22,KMJ-EOS_T001-BOT,,Ea814,인터록 앞쪽 피더들뜸 센서 2,,관리자,,,,ErrLog_KMJ-EOS_T001-BOT_225_20251021.csv
KO,2025-10-21 14:44:24,SH-WATERSENSER_1VS1_NEW_251021,,Ea803,인터록 앞쪽 피더들뜸 센서 1,,관리자,,,,ErrLog_SH-WATERSENSER_1VS1_NEW_251021_0_20251021.csv
KO,2025-10-21 17:09:48,SH-WATERSENSER_1VS1_NEW_251021,,Ea803,인터록 앞쪽 피더들뜸 센서 1,,관리자,,,,ErrLog_SH-WATERSENSER_1VS1_NEW_251021_0_20251021.csv
KO,2025-10-21 17:29:58,SH-WATERSENSER_1VS1_NEW_251021,,O13187,샤프트 청소 블로우 정상 종료,/TableA,관리자,,,,ErrLog_SH-WATERSENSER_1VS1_NEW_251021_0_20251021.csv
KO,2025-10-21 17:36:21,SH-WATERSENSER_1VS1_NEW_251021,,Ea12894,기판 불명,(버튼)예 /레인1 /실장위치,관리자,,,,ErrLog_SH-WATERSENSER_1VS1_NEW_251021_0_20251021.csv
KO,2025-10-22 10:32:53,SH-WATERSENSER_1VS1_NEW_251021,,O13187,샤프트 청소 블로우 정상 종료,/TableA,관리자,,,,ErrLog_SH-WATERSENSER_1VS1_NEW_251021_116_20251022.csv
KO,2025-10-23 13:16:14,SEIL-IDS_9100_MAIN_TOP-250627,,Ea814,인터록 앞쪽 피더들뜸 센서 2,,관리자,,,,ErrLog_SEIL-IDS_9100_MAIN_TOP-250627_0_20251023.csv
KO,2025-10-23 16:38:03,SEIL-IDS_9100_MAIN_TOP-250627,,Ea803,인터록 앞쪽 피더들뜸 센서 1,,관리자,,,,ErrLog_SEIL-IDS_9100_MAIN_TOP-250627_0_20251023.csv
KO,2025-10-24 12:08:03,SH-NEW_DELIM4,,Ea12388,장비의 전원OFF 완료,,관리자,,,,ErrLog_SH-NEW_DELIM4_0_20251024.csv
KO,2025-10-27 10:24:47,,,Ea12387,장비의 전원ON 완료,OmAuto Address=baeedc00,디폴트 작업자,,,,ErrLog__0_20251027.csv
KO,2025-10-27 12:46:45,PASS,,Ea79,기판반송 에러,/EX1:9/EX2:1,관리자,,,,ErrLog_PASS_19_20251027.csv
KO,2025-10-27 14:28:05,PASS,,Ea79,기판반송 에러,/EX1:9/EX2:1,관리자,,,,ErrLog_PASS_21_20251027.csv
KO,2025-10-27 14:37:38,PASS,,Ea2204,기판반송 에러 [반입처리 시간초과],/EX1:5/EX2:1,관리자,,,,ErrLog_PASS_23_20251027.csv
KO,2025-10-27 16:00:04,SEIL-IDS_9100_MAIN_TOP-250627,,O13187,샤프트 청소 블로우 정상 종료,/TableA,관리자,,,,ErrLog_SEIL-IDS_9100_MAIN_TOP-250627_0_20251027.csv
KO,2025-10-27 16:23:59,SEIL-IDS_9100_MAIN_TOP-250627,,Ea12894,기판 불명,(버튼)예 /레인1 /실장위치,관리자,,,,ErrLog_SEIL-IDS_9100_MAIN_TOP-250627_0_20251027.csv
KO,2025-10-27 16:59:44,SEIL-IDS_9100_MAIN_TOP-250627,,Ea7,리드검출 에러,/TableA/M9/H7/C6/F30/VE154/FdrID=SSY-008-0452521B,관리자,,,,ErrLog_SEIL-IDS_9100_MAIN_TOP-250627_7_20251027.csv
KO,2025-10-28 10:30:29,SEIL-IDS_9100_MAIN_TOP-250627,,O13187,샤프트 청소 블로우 정상 종료,/TableA,관리자,,,,ErrLog_SEIL-IDS_9100_MAIN_TOP-250627_100_20251028.csv
KO,2025-10-28 11:36:01,SEIL-IDS_9100_MAIN_TOP-250627,,Ea31,부품흡착 에러,/TableA/M20/H2/C10/F32/VE150/FdrID=SSY-008-0452626B,관리자,,,,ErrLog_SEIL-IDS_9100_MAIN_TOP-250627_162_20251028.csv
KO,2025-10-28 12:03:02,SEIL-IDS_9100_MAIN_TOP-250627,,Ea31,부품흡착 에러,/TableA/M20/H2/C10/F32/VE150/FdrID=SSY-008-0452626B,관리자,,,,ErrLog_SEIL-IDS_9100_MAIN_TOP-250627_206_20251028.csv
KO,2025-10-28 13:48:48,SEIL-IDS_9100_MAIN_BOT-250627,,Ea814,인터록 앞쪽 피더들뜸 센서 2,,관리자,,,,ErrLog_SEIL-IDS_9100_MAIN_BOT-250627_0_20251028.csv
KO,2025-10-28 14:15:03,SEIL-IDS_9100_MAIN_BOT-250627,,Ea12894,기판 불명,(버튼)예 /레인1 /실장위치,관리자,,,,ErrLog_SEIL-IDS_9100_MAIN_BOT-250627_0_20251028.csv
KO,2025-10-28 15:39:21,SEIL-IDS_9100_MAIN_BOT-250627,,Ea31,부품흡착 에러,/TableA/M19/H2/C2/F25/VE150/FdrID=SSY-2T6-0090596A,관리자,,,,ErrLog_SEIL-IDS_9100_MAIN_BOT-250627_99_20251028.csv
KO,2025-10-28 16:37:50,SEIL-IDS_9100_MAIN_BOT-250627,,Ea31,부품흡착 에러,/TableA/M12/H2/C1/F27/VE150/FdrID=SSY-2T6-0079956A,관리자,,,,ErrLog_SEIL-IDS_9100_MAIN_BOT-250627_197_20251028.csv
KO,2025-10-28 16:38:48,SEIL-IDS_9100_MAIN_BOT-250627,,Ea31,부품흡착 에러,/TableA/M16/H2/C1/F27/VE150/FdrID=SSY-2T6-0079956A,관리자,,,,ErrLog_SEIL-IDS_9100_MAIN_BOT-250627_198_20251028.csv
KO,2025-10-28 17:05:13,SEIL-IDS_9100_SUB_BOT-251028,,Ea814,인터록 앞쪽 피더들뜸 센서 2,,관리자,,,,ErrLog_SEIL-IDS_9100_SUB_BOT-251028_0_20251028.csv
KO,2025-10-28 17:19:08,SEIL-IDS_9100_SUB_BOT-251028,,Ea31,부품흡착 에러,/TableA/M1/H4/C1/F29/VE150/FdrID=SSY-2T6-0090598A,관리자,,,,ErrLog_SEIL-IDS_9100_SUB_BOT-251028_0_20251028.csv
KO,2025-10-28 17:21:28,SEIL-IDS_9100_SUB_BOT-251028,,Ea79,기판반송 에러,/EX1:9/EX2:1,관리자,,,,ErrLog_SEIL-IDS_9100_SUB_BOT-251028_2_20251028.csv
KO,2025-10-28 17:48:49,SEIL-IDS_9100_SUB_BOT-251028,,Ea31,부품흡착 에러,/TableA/M1/H4/C1/F29/VE150/FdrID=SSY-2T6-0090598A,관리자,,,,ErrLog_SEIL-IDS_9100_SUB_BOT-251028_46_20251028.csv
KO,2025-10-28 17:50:21,SEIL-IDS_9100_SUB_BOT-251028,,Ea31,부품흡착 에러,/TableA/M1/H4/C1/F29/VE150/FdrID=SSY-2T6-0090598A,관리자,,,,ErrLog_SEIL-IDS_9100_SUB_BOT-251028_49_20251028.csv
KO,2025-10-28 17:54:27,SEIL-IDS_9100_SUB_BOT-251028,,Ea31,부품흡착 에러,/TableA/M1/H4/C1/F29/VE150/FdrID=SSY-2T6-0090598A,관리자,,,,ErrLog_SEIL-IDS_9100_SUB_BOT-251028_59_20251028.csv
KO,2025-10-28 18:01:39,SEIL-IDS_9100_SUB_BOT-251028,,Ea31,부품흡착 에러,/TableA/M1/H4/C1/F29/VE150/FdrID=SSY-2T6-0090598A,관리자,,,,ErrLog_SEIL-IDS_9100_SUB_BOT-251028_76_20251028.csv
KO,2025-10-28 18:09:19,SEIL-IDS_9100_SUB_BOT-251028,,Ea31,부품흡착 에러,/TableA/M1/H4/C1/F29/VE150/FdrID=SSY-2T6-0090598A,관리자,,,,ErrLog_SEIL-IDS_9100_SUB_BOT-251028_95_20251028.csv
KO,2025-10-28 18:30:38,SEIL-IDS_9100_SUB_TOP-251028,,Ea814,인터록 앞쪽 피더들뜸 센서 2,,관리자,,,,ErrLog_SEIL-IDS_9100_SUB_TOP-251028_0_20251028.csv
KO,2025-10-28 18:48:27,SEIL-IDS_9100_SUB_TOP-251028,,Ea12894,기판 불명,(버튼)예 /레인1 /실장위치,관리자,,,,ErrLog_SEIL-IDS_9100_SUB_TOP-251028_0_20251028.csv
KO,2025-10-29 10:31:03,SEIL-IDS_9100_SUB_TOP-251028,,O13187,샤프트 청소 블로우 정상 종료,/TableA,관리자,,,,ErrLog_SEIL-IDS_9100_SUB_TOP-251028_7_20251029.csv
KO,2025-10-29 11:18:17,SEIL-IDS_9100_SUB_TOP-251028,,Ea31,부품흡착 에러,/TableA/M8/H5/C3/F25/VE150/FdrID=SSY-2T6-0090598A,관리자,,,,ErrLog_SEIL-IDS_9100_SUB_TOP-251028_58_20251029.csv
KO,2025-10-29 11:25:03,SEIL-IDS_9100_SUB_TOP-251028,,Ea31,부품흡착 에러,/TableA/M8/H5/C3/F25/VE150/FdrID=SSY-2T6-0090598A,관리자,,,,ErrLog_SEIL-IDS_9100_SUB_TOP-251028_68_20251029.csv
KO,2025-10-29 11:29:39,SEIL-IDS_9100_SUB_TOP-251028,,Ea31,부품흡착 에러,/TableA/M8/H5/C3/F25/VE150/FdrID=SSY-2T6-0090598A,관리자,,,,ErrLog_SEIL-IDS_9100_SUB_TOP-251028_74_20251029.csv
KO,2025-10-29 12:13:31,SEIL-IDS_9100_SUB_TOP-251028,,Ea31,부품흡착 에러,/TableA/M6/H3/C2/F35/VE150/FdrID=SSY-008-0452527B,관리자,,,,ErrLog_SEIL-IDS_9100_SUB_TOP-251028_137_20251029.csv
KO,2025-10-29 12:13:46,SEIL-IDS_9100_SUB_TOP-251028,,Ea814,인터록 앞쪽 피더들뜸 센서 2,,관리자,,,,ErrLog_SEIL-IDS_9100_SUB_TOP-251028_137_20251029.csv
KO,2025-10-29 12:17:02,SEIL-IDS_9100_LED_BOT-250212,,Ea814,인터록 앞쪽 피더들뜸 센서 2,,관리자,,,,ErrLog_SEIL-IDS_9100_LED_BOT-250212_0_20251029.csv
KO,2025-10-29 13:42:17,SEIL-IDS_9100_LED_BOT-250212,,Ea31,부품흡착 에러,/TableA/M3/H2/C1/F29/VE150/FdrID=SSY-2T6-0090596A,관리자,,,,ErrLog_SEIL-IDS_9100_LED_BOT-250212_62_20251029.csv
KO,2025-10-29 14:29:45,SEIL-IDS_9100_LED_TOP-250212,,Ea814,인터록 앞쪽 피더들뜸 센서 2,,관리자,,,,ErrLog_SEIL-IDS_9100_LED_TOP-250212_0_20251029.csv
KO,2025-10-29 14:32:23,SEIL-IDS_9100_LED_TOP-250212,,Ea7,리드검출 에러,/TableA/M1/H5/C1/F27/VE154/FdrID=SSY-2T6-0079953A,관리자,,,,ErrLog_SEIL-IDS_9100_LED_TOP-250212_0_20251029.csv
KO,2025-10-29 14:41:40,SEIL-IDS_9100_LED_TOP-250212,,Ea7,리드검출 에러,/TableA/M2/H5/C1/F27/VE154/FdrID=SSY-2T6-0079953A,관리자,,,,ErrLog_SEIL-IDS_9100_LED_TOP-250212_7_20251029.csv
KO,2025-10-29 14:42:32,SEIL-IDS_9100_LED_TOP-250212,,Ea7,리드검출 에러,/TableA/M3/H5/C1/F27/VE154/FdrID=SSY-2T6-0079953A,관리자,,,,ErrLog_SEIL-IDS_9100_LED_TOP-250212_7_20251029.csv
KO,2025-10-29 14:44:34,SEIL-IDS_9100_LED_TOP-250212,,Ea12968,도중부터 운전,(버튼)예 /레인1 /실장위치,관리자,,,,ErrLog_SEIL-IDS_9100_LED_TOP-250212_7_20251029.csv
KO,2025-10-29 14:44:34,SEIL-IDS_9100_LED_TOP-250212,,Ea13339,도중부터 탑재,(버튼)OK,관리자,,,,ErrLog_SEIL-IDS_9100_LED_TOP-250212_7_20251029.csv
KO,2025-10-29 14:50:19,SEIL-IDS_9100_LED_TOP-250212,,Ea31,부품흡착 에러,/TableA/M4/H5/C1/F27/VE150/FdrID=SSY-2T6-0079953A,관리자,,,,ErrLog_SEIL-IDS_9100_LED_TOP-250212_15_20251029.csv
KO,2025-10-29 14:55:30,SEIL-IDS_9100_LED_TOP-250212,,Ea51,마크검출 에러,/TableA,관리자,,,,ErrLog_SEIL-IDS_9100_LED_TOP-250212_20_20251029.csv
KO,2025-10-29 15:15:16,SEIL-IDS_9100_LED_TOP-250212,,Ea814,인터록 앞쪽 피더들뜸 센서 2,,관리자,,,,ErrLog_SEIL-IDS_9100_LED_TOP-250212_49_20251029.csv
KO,2025-10-29 15:23:08,SEIL-IDS_9100_LED_TOP-250212,,Ea31,부품흡착 에러,/TableA/M3/H5/C1/F27/VE150/FdrID=SSY-2T6-0079953A,관리자,,,,ErrLog_SEIL-IDS_9100_LED_TOP-250212_62_20251029.csv
KO,2025-10-29 15:31:34,SEIL-IDS_9100_LED_TOP-250212,,Ea2204,기판반송 에러 [반입처리 시간초과],/EX1:5/EX2:1,관리자,,,,ErrLog_SEIL-IDS_9100_LED_TOP-250212_74_20251029.csv
KO,2025-10-29 15:31:53,SEIL-IDS_9100_LED_TOP-250212,,Ea13089,반입에러 복구작업 미완료,,관리자,,,,ErrLog_SEIL-IDS_9100_LED_TOP-250212_74_20251029.csv
KO,2025-10-29 15:32:50,SEIL-IDS_9100_LED_TOP-250212,,Ea13089,반입에러 복구작업 미완료,,관리자,,,,ErrLog_SEIL-IDS_9100_LED_TOP-250212_74_20251029.csv
KO,2025-10-29 15:41:46,SEIL-IDS_9100_LED_TOP-250212,,Ea2204,기판반송 에러 [반입처리 시간초과],/EX1:5/EX2:1,관리자,,,,ErrLog_SEIL-IDS_9100_LED_TOP-250212_87_20251029.csv
KO,2025-10-29 15:55:58,SEIL-IDS_9100_LED_TOP-250212,,Ea31,부품흡착 에러,/TableA/M2/H5/C1/F27/VE150/FdrID=SSY-2T6-0079953A,관리자,,,,ErrLog_SEIL-IDS_9100_LED_TOP-250212_109_20251029.csv
KO,2025-10-29 15:56:51,SEIL-IDS_9100_LED_TOP-250212,,Ea814,인터록 앞쪽 피더들뜸 센서 2,,관리자,,,,ErrLog_SEIL-IDS_9100_LED_TOP-250212_110_20251029.csv
KO,2025-10-29 15:57:17,SEIL-IDS_9100_LED_TOP-250212,,Ea31,부품흡착 에러,/TableA/M3/H5/C1/F27/VE150/FdrID=SSY-2T6-0079953A,관리자,,,,ErrLog_SEIL-IDS_9100_LED_TOP-250212_110_20251029.csv
KO,2025-10-29 15:59:50,SEIL-IDS_9100_LED_TOP-250212,,Ea2201,기판반송 에러,/EX0:4/EX1:4/EX2:1,관리자,,,,ErrLog_SEIL-IDS_9100_LED_TOP-250212_110_20251029.csv
KO,2025-10-29 15:59:54,SEIL-IDS_9100_LED_TOP-250212,,Ea7336,대기위치에서 불명한 기판 검출,,관리자,,,,ErrLog_SEIL-IDS_9100_LED_TOP-250212_110_20251029.csv
KO,2025-10-29 16:00:04,SEIL-IDS_9100_LED_TOP-250212,,Ea3270,탑재후 부품 흡착한 채 복귀 에러,/TableA/SetNums27 /HeadNums=5/MountNums=3 /H5/SV0/SVSub0/THICK0.000,관리자,,,,ErrLog_SEIL-IDS_9100_LED_TOP-250212_110_20251029.csv
KO,2025-10-29 16:00:27,SEIL-IDS_9100_LED_TOP-250212,,Ea12683,수동탑재 재시도 확인,/H=5/M=3,관리자,,,,ErrLog_SEIL-IDS_9100_LED_TOP-250212_110_20251029.csv
KO,2025-10-29 16:00:32,SEIL-IDS_9100_LED_TOP-250212,,Ea31,부품흡착 에러,/TableA/M4/H5/C1/F27/VE150/FdrID=SSY-2T6-0079953A,관리자,,,,ErrLog_SEIL-IDS_9100_LED_TOP-250212_110_20251029.csv
KO,2025-10-29 16:02:21,SEIL-IDS_9100_LED_TOP-250212,,Ea2204,기판반송 에러 [반입처리 시간초과],/EX1:5/EX2:1,관리자,,,,ErrLog_SEIL-IDS_9100_LED_TOP-250212_112_20251029.csv
KO,2025-10-29 16:02:36,SEIL-IDS_9100_LED_TOP-250212,,Ea13089,반입에러 복구작업 미완료,,관리자,,,,ErrLog_SEIL-IDS_9100_LED_TOP-250212_112_20251029.csv
KO,2025-10-29 16:02:52,SEIL-IDS_9100_LED_TOP-250212,,Ea13339,도중부터 탑재,(버튼)OK,관리자,,,,ErrLog_SEIL-IDS_9100_LED_TOP-250212_112_20251029.csv
KO,2025-10-29 16:02:52,SEIL-IDS_9100_LED_TOP-250212,,Ea12968,도중부터 운전,(버튼)예 /레인1 /실장위치,관리자,,,,ErrLog_SEIL-IDS_9100_LED_TOP-250212_112_20251029.csv
KO,2025-10-29 16:19:51,SEIL-IDS_9100_LED_TOP-250212,,Ea31,부품흡착 에러,/TableA/M3/H5/C1/F27/VE150/FdrID=SSY-2T6-0079953A,관리자,,,,ErrLog_SEIL-IDS_9100_LED_TOP-250212_124_20251029.csv
KO,2025-10-29 16:20:18,SEIL-IDS_9100_LED_TOP-250212,,Ea814,인터록 앞쪽 피더들뜸 센서 2,,관리자,,,,ErrLog_SEIL-IDS_9100_LED_TOP-250212_124_20251029.csv
KO,2025-10-29 16:27:14,SEIL-IDS_9100_LED_TOP-250212,,Ea814,인터록 앞쪽 피더들뜸 센서 2,,관리자,,,,ErrLog_SEIL-IDS_9100_LED_TOP-250212_125_20251029.csv
KO,2025-10-29 16:44:38,SEIL-IDS_9100_CRADLE-250212,,Ea31,부품흡착 에러,/TableA/M12/H1/C1/F26/VE150/FdrID=SSY-2T6-0081321A,관리자,,,,ErrLog_SEIL-IDS_9100_CRADLE-250212_25_20251029.csv
KO,2025-10-29 16:48:20,SEIL-IDS_9100_CRADLE-250212,,Ea31,부품흡착 에러,/TableA/M4/H4/C2/F25/VE150/FdrID=SSY-008-0452527B,관리자,,,,ErrLog_SEIL-IDS_9100_CRADLE-250212_35_20251029.csv
KO,2025-10-29 16:48:30,SEIL-IDS_9100_CRADLE-250212,,Ea814,인터록 앞쪽 피더들뜸 센서 2,,관리자,,,,ErrLog_SEIL-IDS_9100_CRADLE-250212_35_20251029.csv
KO,2025-10-29 17:06:29,SEIL-IDS_9100_CRADLE-250212,,Ea8,리드피치 에러,/TableA/M10/H9/C1/F26/VE152/FdrID=SSY-2T6-0081321A,관리자,,,,ErrLog_SEIL-IDS_9100_CRADLE-250212_83_20251029.csv
KO,2025-10-30 10:42:50,SEIL-AIRDEEP_R+_TYPE_TOP,,Ea814,인터록 앞쪽 피더들뜸 센서 2,,관리자,,,,ErrLog_SEIL-AIRDEEP_R+_TYPE_TOP_0_20251030.csv
KO,2025-10-30 10:44:48,SEIL-AIRDEEP_C_TYPE_BOT,,Ea814,인터록 앞쪽 피더들뜸 센서 2,,관리자,,,,ErrLog_SEIL-AIRDEEP_C_TYPE_BOT_0_20251030.csv
KO,2025-10-30 10:45:12,SEIL-AIRDEEP_C_TYPE_BOT,,Ea803,인터록 앞쪽 피더들뜸 센서 1,,관리자,,,,ErrLog_SEIL-AIRDEEP_C_TYPE_BOT_0_20251030.csv
KO,2025-10-30 14:03:31,SEIL-AIRDEEP_C_TYPE_BOT,,Ea29699,인터록 덤프박스 장착 센서,,관리자,,,,ErrLog_SEIL-AIRDEEP_C_TYPE_BOT_0_20251030.csv
KO,2025-10-31 12:21:07,SH-WATERSENSER_1VS1_NEW_251021,,Ea12388,장비의 전원OFF 완료,,관리자,,,,ErrLog_SH-WATERSENSER_1VS1_NEW_251021_0_20251031.csv
KO,2025-11-03 10:07:54,,,Ea12387,장비의 전원ON 완료,OmAuto Address=bb0ebc00,디폴트 작업자,,,,ErrLog__0_20251103.csv
KO,2025-11-03 14:52:08,SEIL-AIRDEEP_C_TYPE_TOP,,Ea814,인터록 앞쪽 피더들뜸 센서 2,,관리자,,,,ErrLog_SEIL-AIRDEEP_C_TYPE_TOP_0_20251103.csv
KO,2025-11-05 14:57:58,SEIL-AIRDEEP_C_TYPE_TOP,,O13187,샤프트 청소 블로우 정상 종료,/TableA,관리자,,,,ErrLog_SEIL-AIRDEEP_C_TYPE_TOP_0_20251105.csv
KO,2025-11-05 15:04:41,SEIL-AIRDEEP_C_TYPE_TOP,,Ea97,노즐인식 에러,/TableA/M2/H7/C2/F35/VE149/FdrID=SSY-008-0452604B,관리자,,,,ErrLog_SEIL-AIRDEEP_C_TYPE_TOP_0_20251105.csv
KO,2025-11-05 16:15:19,SEIL-AIRDEEP_C_TYPE_TOP,,Ea97,노즐인식 에러,/TableA/M3/H8/C3/F34/VE149/FdrID=SSY-008-0452583B,관리자,,,,ErrLog_SEIL-AIRDEEP_C_TYPE_TOP_135_20251105.csv
KO,2025-11-05 16:16:59,SEIL-AIRDEEP_C_TYPE_TOP,,Ea13339,도중부터 탑재,(버튼)OK,관리자,,,,ErrLog_SEIL-AIRDEEP_C_TYPE_TOP_135_20251105.csv
KO,2025-11-05 16:16:59,SEIL-AIRDEEP_C_TYPE_TOP,,Ea12968,도중부터 운전,(버튼)예 /레인1 /실장위치,관리자,,,,ErrLog_SEIL-AIRDEEP_C_TYPE_TOP_135_20251105.csv
KO,2025-11-05 16:30:23,SEIL-AIRDEEP_C_TYPE_BOT,,Ea814,인터록 앞쪽 피더들뜸 센서 2,,관리자,,,,ErrLog_SEIL-AIRDEEP_C_TYPE_BOT_0_20251105.csv
KO,2025-11-05 16:53:41,SEIL-AIRDEEP_C_TYPE_BOT,,Ea31,부품흡착 에러,/TableA/M8/H2/C12/F41/VE150/FdrID=SSY-044-0003402A,관리자,,,,ErrLog_SEIL-AIRDEEP_C_TYPE_BOT_0_20251105.csv
KO,2025-11-05 16:55:13,SEIL-AIRDEEP_C_TYPE_BOT,,Ea12968,도중부터 운전,(버튼)예 /레인1 /실장위치,관리자,,,,ErrLog_SEIL-AIRDEEP_C_TYPE_BOT_0_20251105.csv
KO,2025-11-05 16:55:13,SEIL-AIRDEEP_C_TYPE_BOT,,Ea13339,도중부터 탑재,(버튼)OK,관리자,,,,ErrLog_SEIL-AIRDEEP_C_TYPE_BOT_0_20251105.csv
KO,2025-11-05 17:45:40,SEIL-AIRDEEP_C_TYPE_BOT,,Ea31,부품흡착 에러,/TableA/M25/H1/C13/F25/VE150/FdrID=SSY-2T6-0081321A,관리자,,,,ErrLog_SEIL-AIRDEEP_C_TYPE_BOT_40_20251105.csv
KO,2025-11-05 17:45:58,SEIL-AIRDEEP_C_TYPE_BOT,,Ea8,리드피치 에러,/TableA/M25/H1/C13/F25/VE152/FdrID=SSY-2T6-0081321A,관리자,,,,ErrLog_SEIL-AIRDEEP_C_TYPE_BOT_40_20251105.csv
KO,2025-11-05 17:52:16,SEIL-AIRDEEP_C_TYPE_BOT,,Ea8,리드피치 에러,/TableA/M25/H1/C13/F25/VE152/FdrID=SSY-2T6-0081321A,관리자,,,,ErrLog_SEIL-AIRDEEP_C_TYPE_BOT_50_20251105.csv
KO,2025-11-05 17:53:18,SEIL-AIRDEEP_C_TYPE_BOT,,Ea8,리드피치 에러,/TableA/M25/H1/C13/F25/VE152/FdrID=SSY-2T6-0081321A,관리자,,,,ErrLog_SEIL-AIRDEEP_C_TYPE_BOT_51_20251105.csv
KO,2025-11-05 17:55:43,SEIL-AIRDEEP_C_TYPE_BOT,,Ea12968,도중부터 운전,(버튼)예 /레인1 /실장위치,관리자,,,,ErrLog_SEIL-AIRDEEP_C_TYPE_BOT_51_20251105.csv
KO,2025-11-05 17:55:43,SEIL-AIRDEEP_C_TYPE_BOT,,Ea13339,도중부터 탑재,(버튼)OK,관리자,,,,ErrLog_SEIL-AIRDEEP_C_TYPE_BOT_51_20251105.csv
KO,2025-11-05 17:55:52,SEIL-AIRDEEP_C_TYPE_BOT,,Ea8,리드피치 에러,/TableA/M25/H1/C13/F25/VE152/FdrID=SSY-2T6-0081321A,관리자,,,,ErrLog_SEIL-AIRDEEP_C_TYPE_BOT_51_20251105.csv
KO,2025-11-05 17:57:27,SEIL-AIRDEEP_C_TYPE_BOT,,Ea8,리드피치 에러,/TableA/M25/H1/C13/F25/VE152/FdrID=SSY-2T6-0081321A,관리자,,,,ErrLog_SEIL-AIRDEEP_C_TYPE_BOT_51_20251105.csv
KO,2025-11-05 17:57:33,SEIL-AIRDEEP_C_TYPE_BOT,,Ea8,리드피치 에러,/TableA/M25/H1/C13/F25/VE152/FdrID=SSY-2T6-0081321A,관리자,,,,ErrLog_SEIL-AIRDEEP_C_TYPE_BOT_51_20251105.csv
KO,2025-11-05 17:57:52,SEIL-AIRDEEP_C_TYPE_BOT,,Ea8,리드피치 에러,/TableA/M25/H1/C13/F25/VE152/FdrID=SSY-2T6-0081321A,관리자,,,,ErrLog_SEIL-AIRDEEP_C_TYPE_BOT_51_20251105.csv
KO,2025-11-05 18:06:38,SEIL-AIRDEEP_C_TYPE_BOT,,Ea8,리드피치 에러,/TableA/M25/H1/C13/F25/VE152/FdrID=SSY-2T6-0081321A,관리자,,,,ErrLog_SEIL-AIRDEEP_C_TYPE_BOT_54_20251105.csv
KO,2025-11-05 18:08:07,SEIL-AIRDEEP_C_TYPE_BOT,,Ea8,리드피치 에러,/TableA/M25/H1/C13/F25/VE152/FdrID=SSY-2T6-0081321A,관리자,,,,ErrLog_SEIL-AIRDEEP_C_TYPE_BOT_56_20251105.csv
KO,2025-11-05 18:16:03,SEIL-AIRDEEP_C_TYPE_BOT,,Ea8,리드피치 에러,/TableA/M25/H1/C13/F25/VE152/FdrID=SSY-2T6-0081321A,관리자,,,,ErrLog_SEIL-AIRDEEP_C_TYPE_BOT_64_20251105.csv
KO,2025-11-05 18:16:40,SEIL-AIRDEEP_C_TYPE_BOT,,Ea8,리드피치 에러,/TableA/M25/H1/C13/F25/VE152/FdrID=SSY-2T6-0081321A,관리자,,,,ErrLog_SEIL-AIRDEEP_C_TYPE_BOT_64_20251105.csv
KO,2025-11-05 18:16:55,SEIL-AIRDEEP_C_TYPE_BOT,,Ea8,리드피치 에러,/TableA/M25/H1/C13/F25/VE152/FdrID=SSY-2T6-0081321A,관리자,,,,ErrLog_SEIL-AIRDEEP_C_TYPE_BOT_64_20251105.csv
KO,2025-11-05 18:18:57,SEIL-AIRDEEP_C_TYPE_BOT,,Ea8,리드피치 에러,/TableA/M25/H1/C13/F25/VE152/FdrID=SSY-2T6-0081321A,관리자,,,,ErrLog_SEIL-AIRDEEP_C_TYPE_BOT_66_20251105.csv
KO,2025-11-05 18:31:26,SEIL-AIRDEEP_C_TYPE_BOT,,Ea8,리드피치 에러,/TableA/M25/H1/C13/F25/VE152/FdrID=SSY-2T6-0081321A,관리자,,,,ErrLog_SEIL-AIRDEEP_C_TYPE_BOT_84_20251105.csv
KO,2025-11-05 18:40:02,SEIL-AIRDEEP_C_TYPE_BOT,,Ea8,리드피치 에러,/TableA/M25/H1/C13/F25/VE152/FdrID=SSY-2T6-0081321A,관리자,,,,ErrLog_SEIL-AIRDEEP_C_TYPE_BOT_100_20251105.csv
KO,2025-11-05 18:46:30,SEIL-AIRDEEP_C_TYPE_BOT,,Ea8,리드피치 에러,/TableA/M25/H1/C13/F25/VE152/FdrID=SSY-2T6-0081321A,관리자,,,,ErrLog_SEIL-AIRDEEP_C_TYPE_BOT_111_20251105.csv
KO,2025-11-05 18:46:51,SEIL-AIRDEEP_C_TYPE_BOT,,Ea8,리드피치 에러,/TableA/M25/H1/C13/F25/VE152/FdrID=SSY-2T6-0081321A,관리자,,,,ErrLog_SEIL-AIRDEEP_C_TYPE_BOT_112_20251105.csv
KO,2025-11-05 18:47:52,SEIL-AIRDEEP_C_TYPE_BOT,,Ea8,리드피치 에러,/TableA/M25/H1/C13/F25/VE152/FdrID=SSY-2T6-0081321A,관리자,,,,ErrLog_SEIL-AIRDEEP_C_TYPE_BOT_112_20251105.csv
KO,2025-11-05 18:48:47,SEIL-AIRDEEP_C_TYPE_BOT,,Ea8,리드피치 에러,/TableA/M25/H1/C13/F25/VE152/FdrID=SSY-2T6-0081321A,관리자,,,,ErrLog_SEIL-AIRDEEP_C_TYPE_BOT_113_20251105.csv
KO,2025-11-05 18:49:26,SEIL-AIRDEEP_C_TYPE_BOT,,Ea5,리드수량 에러,/TableA/M25/H1/C13/F25/VE151/FdrID=SSY-2T6-0081321A,관리자,,,,ErrLog_SEIL-AIRDEEP_C_TYPE_BOT_114_20251105.csv
KO,2025-11-05 18:54:46,SEIL-AIRDEEP_C_TYPE_BOT,,Ea8,리드피치 에러,/TableA/M25/H1/C13/F25/VE152/FdrID=SSY-2T6-0081321A,관리자,,,,ErrLog_SEIL-AIRDEEP_C_TYPE_BOT_114_20251105.csv
KO,2025-11-05 18:57:15,SEIL-AIRDEEP_C_TYPE_BOT,,Ea8,리드피치 에러,/TableA/M25/H1/C13/F25/VE152/FdrID=SSY-2T6-0081321A,관리자,,,,ErrLog_SEIL-AIRDEEP_C_TYPE_BOT_119_20251105.csv
KO,2025-11-05 18:59:50,SEIL-AIRDEEP_C_TYPE_BOT,,Ea8,리드피치 에러,/TableA/M25/H1/C13/F25/VE152/FdrID=SSY-2T6-0081321A,관리자,,,,ErrLog_SEIL-AIRDEEP_C_TYPE_BOT_123_20251105.csv
KO,2025-11-05 19:00:31,SEIL-AIRDEEP_C_TYPE_BOT,,Ea8,리드피치 에러,/TableA/M25/H1/C13/F25/VE152/FdrID=SSY-2T6-0081321A,관리자,,,,ErrLog_SEIL-AIRDEEP_C_TYPE_BOT_124_20251105.csv
KO,2025-11-05 19:00:37,SEIL-AIRDEEP_C_TYPE_BOT,,Ea8,리드피치 에러,/TableA/M25/H1/C13/F25/VE152/FdrID=SSY-2T6-0081321A,관리자,,,,ErrLog_SEIL-AIRDEEP_C_TYPE_BOT_124_20251105.csv
KO,2025-11-05 19:02:57,SEIL-AIRDEEP_C_TYPE_BOT,,Ea7,리드검출 에러,/TableA/M8/H2/C12/F41/VE154/FdrID=SSY-044-0003402A,관리자,,,,ErrLog_SEIL-AIRDEEP_C_TYPE_BOT_128_20251105.csv
KO,2025-11-05 19:21:56,SEIL-AIRDEEP_C_TYPE_BOT,,Ea31,부품흡착 에러,/TableA/M6/H9/C3/F33/VE150/FdrID=SSY-008-0452519B,관리자,,,,ErrLog_SEIL-AIRDEEP_C_TYPE_BOT_162_20251105.csv
KO,2025-11-05 19:22:14,SEIL-AIRDEEP_C_TYPE_BOT,,Ea814,인터록 앞쪽 피더들뜸 센서 2,,관리자,,,,ErrLog_SEIL-AIRDEEP_C_TYPE_BOT_162_20251105.csv
KO,2025-11-06 10:40:32,SEIL-AIRDEEP_C_TYPE_BOT,,Ea803,인터록 앞쪽 피더들뜸 센서 1,,관리자,,,,ErrLog_SEIL-AIRDEEP_C_TYPE_BOT_167_20251106.csv
KO,2025-11-06 10:41:55,SEIL-AIRDEEP_C_TYPE_BOT,,Ea814,인터록 앞쪽 피더들뜸 센서 2,,관리자,,,,ErrLog_SEIL-AIRDEEP_C_TYPE_BOT_167_20251106.csv
KO,2025-11-06 16:43:24,ROOMCON_INI-241115,,Ea814,인터록 앞쪽 피더들뜸 센서 2,,관리자,,,,ErrLog_ROOMCON_INI-241115_0_20251106.csv
KO,2025-11-07 10:21:11,ROOMCON_INI-241115,,Ea814,인터록 앞쪽 피더들뜸 센서 2,,관리자,,,,ErrLog_ROOMCON_INI-241115_0_20251107.csv
KO,2025-11-07 18:26:42,ROOMCON_INI-241115,,Ea12388,장비의 전원OFF 완료,,관리자,,,,ErrLog_ROOMCON_INI-241115_0_20251107.csv
KO,2025-11-10 10:18:37,,,Ea12387,장비의 전원ON 완료,OmAuto Address=bab05c00,디폴트 작업자,,,,ErrLog__0_20251110.csv
KO,2025-11-10 10:57:27,ROOMCON_INI-241115,,O13187,샤프트 청소 블로우 정상 종료,/TableA,관리자,,,,ErrLog_ROOMCON_INI-241115_0_20251110.csv
KO,2025-11-10 14:09:49,ROOMCON_INI-241115,,Ea31,부품흡착 에러,/TableA/M9/H5/C11/F32/VE150/FdrID=SSY-2T6-0081792A,관리자,,,,ErrLog_ROOMCON_INI-241115_240_20251110.csv
KO,2025-11-10 16:14:31,ROOMCON_INI-241115,,Ea29089,자동 트레이체인저 부품소진 정지,/TableA/ATSTable1/C9,관리자,,,,ErrLog_ROOMCON_INI-241115_480_20251110.csv
KO,2025-11-11 10:15:51,ROOMCON_INI-241115,,Ea814,인터록 앞쪽 피더들뜸 센서 2,,관리자,,,,ErrLog_ROOMCON_INI-241115_674_20251111.csv
KO,2025-11-11 12:31:27,ROOMCON_INI-241115,,Ea803,인터록 앞쪽 피더들뜸 센서 1,,관리자,,,,ErrLog_ROOMCON_INI-241115_674_20251111.csv
KO,2025-11-11 13:42:37,SH-WATERSENSER_1VS1_HOME_CARE2,,Ea814,인터록 앞쪽 피더들뜸 센서 2,,관리자,,,,ErrLog_SH-WATERSENSER_1VS1_HOME_CARE2_0_20251111.csv
KO,2025-11-11 13:47:02,SH-WATERSENSER_1VS1_HOME_CARE2,,Ea803,인터록 앞쪽 피더들뜸 센서 1,,관리자,,,,ErrLog_SH-WATERSENSER_1VS1_HOME_CARE2_0_20251111.csv
KO,2025-11-11 14:41:24,SH-WATERSENSER_1VS1_HOME_CARE2,,Ea814,인터록 앞쪽 피더들뜸 센서 2,,관리자,,,,ErrLog_SH-WATERSENSER_1VS1_HOME_CARE2_0_20251111.csv
KO,2025-11-11 14:48:15,SH-WATERSENSER_1VS1_HOME_CARE2,,O13187,샤프트 청소 블로우 정상 종료,/TableA,관리자,,,,ErrLog_SH-WATERSENSER_1VS1_HOME_CARE2_0_20251111.csv
KO,2025-11-11 14:49:58,SH-WATERSENSER_1VS1_HOME_CARE2,,Ea12894,기판 불명,(버튼)예 /레인1 /실장위치,관리자,,,,ErrLog_SH-WATERSENSER_1VS1_HOME_CARE2_0_20251111.csv
KO,2025-11-11 16:58:24,SH-WATERSENSER_1VS1_HOME_CARE2,,Ea814,인터록 앞쪽 피더들뜸 센서 2,,관리자,,,,ErrLog_SH-WATERSENSER_1VS1_HOME_CARE2_84_20251111.csv
KO,2025-11-12 10:15:31,SEIL-AIRDEEP_M_BOT_251113,,Ea814,인터록 앞쪽 피더들뜸 센서 2,,관리자,,,,ErrLog_SEIL-AIRDEEP_M_BOT_251113_0_20251112.csv
KO,2025-11-12 10:50:36,SEIL-AIRDEEP_M_TOP_251113,,Ea803,인터록 앞쪽 피더들뜸 센서 1,,관리자,,,,ErrLog_SEIL-AIRDEEP_M_TOP_251113_0_20251112.csv
KO,2025-11-12 11:22:39,SEIL-IDS_9100_LED_BOT-250212,,Ea803,인터록 앞쪽 피더들뜸 센서 1,,관리자,,,,ErrLog_SEIL-IDS_9100_LED_BOT-250212_0_20251112.csv
KO,2025-11-12 14:21:00,SEIL-IDS_9100_LED_BOT-250212,,O13187,샤프트 청소 블로우 정상 종료,/TableA,관리자,,,,ErrLog_SEIL-IDS_9100_LED_BOT-250212_0_20251112.csv
KO,2025-11-12 14:35:47,SEIL-IDS_9100_LED_BOT-250212,,Ea803,인터록 앞쪽 피더들뜸 센서 1,,관리자,,,,ErrLog_SEIL-IDS_9100_LED_BOT-250212_13_20251112.csv
KO,2025-11-12 14:38:04,SEIL-IDS_9100_LED_TOP-250212,,Ea803,인터록 앞쪽 피더들뜸 센서 1,,관리자,,,,ErrLog_SEIL-IDS_9100_LED_TOP-250212_0_20251112.csv
KO,2025-11-12 15:22:05,SEIL-IDS_9100_LED_TOP-250212,,Ea803,인터록 앞쪽 피더들뜸 센서 1,,관리자,,,,ErrLog_SEIL-IDS_9100_LED_TOP-250212_13_20251112.csv
KO,2025-11-13 10:42:05,SEIL-AIRDEEP_M_BOT_251113,,Ea814,인터록 앞쪽 피더들뜸 센서 2,,관리자,,,,ErrLog_SEIL-AIRDEEP_M_BOT_251113_0_20251113.csv
KO,2025-11-13 10:54:36,KOREA-G_E-NEW-CONTROL,,Ea814,인터록 앞쪽 피더들뜸 센서 2,,관리자,,,,ErrLog_KOREA-G_E-NEW-CONTROL_0_20251113.csv
KO,2025-11-13 15:02:25,KOREA-G_E-NEW-CONTROL,,O13187,샤프트 청소 블로우 정상 종료,/TableA,관리자,,,,ErrLog_KOREA-G_E-NEW-CONTROL_0_20251113.csv
KO,2025-11-13 16:42:12,KOREA-G_E-NEW-CONTROL,,Ea953,부품흡착 에러,/TableA/M1/H2/C10/P7/VE150,관리자,,,,ErrLog_KOREA-G_E-NEW-CONTROL_146_20251113.csv
KO,2025-11-13 16:42:27,KOREA-G_E-NEW-CONTROL,,Ea953,부품흡착 에러,/TableA/M1/H2/C10/P7/VE150,관리자,,,,ErrLog_KOREA-G_E-NEW-CONTROL_146_20251113.csv
KO,2025-11-13 16:42:33,KOREA-G_E-NEW-CONTROL,,Ea953,부품흡착 에러,/TableA/M1/H2/C10/P7/VE150,관리자,,,,ErrLog_KOREA-G_E-NEW-CONTROL_146_20251113.csv
KO,2025-11-13 16:42:39,KOREA-G_E-NEW-CONTROL,,Ea953,부품흡착 에러,/TableA/M1/H2/C10/P7/VE150,관리자,,,,ErrLog_KOREA-G_E-NEW-CONTROL_146_20251113.csv
KO,2025-11-13 18:01:44,KOREA-G_E-NEW-CONTROL,,Ea814,인터록 앞쪽 피더들뜸 센서 2,,관리자,,,,ErrLog_KOREA-G_E-NEW-CONTROL_250_20251113.csv
KO,2025-11-14 15:31:00,SEIL-AIRDEEP_M_BOT_251113,,Ea814,인터록 앞쪽 피더들뜸 센서 2,,관리자,,,,ErrLog_SEIL-AIRDEEP_M_BOT_251113_0_20251114.csv
KO,2025-11-14 15:34:18,SEIL-AIRDEEP_M_BOT_251113,,Ea814,인터록 앞쪽 피더들뜸 센서 2,,관리자,,,,ErrLog_SEIL-AIRDEEP_M_BOT_251113_0_20251114.csv
KO,2025-11-14 15:34:32,SEIL-AIRDEEP_M_BOT_251113,,Ea814,인터록 앞쪽 피더들뜸 센서 2,,관리자,,,,ErrLog_SEIL-AIRDEEP_M_BOT_251113_0_20251114.csv
KO,2025-11-14 15:34:58,SEIL-AIRDEEP_M_BOT_251113,,Ea12388,장비의 전원OFF 완료,,관리자,,,,ErrLog_SEIL-AIRDEEP_M_BOT_251113_0_20251114.csv
KO,2025-11-17 10:15:40,,,Ea12387,장비의 전원ON 완료,OmAuto Address=bb0e8c00,디폴트 작업자,,,,ErrLog__0_20251117.csv
KO,2025-11-18 11:47:37,SEIL-AIRDEEP_M_BOT_251113,,Ea803,인터록 앞쪽 피더들뜸 센서 1,,관리자,,,,ErrLog_SEIL-AIRDEEP_M_BOT_251113_0_20251118.csv
KO,2025-11-18 11:48:59,SEIL-AIRDEEP_M_BOT_251113,,Ea814,인터록 앞쪽 피더들뜸 센서 2,,관리자,,,,ErrLog_SEIL-AIRDEEP_M_BOT_251113_0_20251118.csv
KO,2025-11-20 11:09:16,SEIL-SMART_CART2,,Ea814,인터록 앞쪽 피더들뜸 센서 2,,관리자,,,,ErrLog_SEIL-SMART_CART2_0_20251120.csv
KO,2025-11-20 11:14:21,SEIL-SMART_CART2,,Ea29874,스캔 카메라 이동불가,,관리자,,,,ErrLog_SEIL-SMART_CART2_0_20251120.csv
KO,2025-11-20 12:10:25,SEIL-SMART_CART2,,O13187,샤프트 청소 블로우 정상 종료,/TableA,관리자,,,,ErrLog_SEIL-SMART_CART2_0_20251120.csv
KO,2025-11-20 12:28:41,SEIL-SMART_CART2,,Ea12894,기판 불명,(버튼)예 /레인1 /실장위치,관리자,,,,ErrLog_SEIL-SMART_CART2_0_20251120.csv
KO,2025-11-20 12:28:52,SEIL-SMART_CART2,,Ea13032,탑재전 부품낙하 에러,/TableA/M18/C7/F35/FdrID=SSY-2T6-0079955A/RecVac=132/CurVac=64,관리자,,,,ErrLog_SEIL-SMART_CART2_0_20251120.csv
KO,2025-11-20 12:29:24,SEIL-SMART_CART2,,Ea422,부품 장착 에러,/TableA/M18/H1/C7/F35/FdrID=SSY-2T6-0079955A,관리자,,,,ErrLog_SEIL-SMART_CART2_0_20251120.csv
KO,2025-11-20 12:29:51,SEIL-SMART_CART2,,Ea13339,도중부터 탑재,(버튼)OK,관리자,,,,ErrLog_SEIL-SMART_CART2_0_20251120.csv
KO,2025-11-20 12:29:51,SEIL-SMART_CART2,,Ea12968,도중부터 운전,(버튼)예 /레인1 /실장위치,관리자,,,,ErrLog_SEIL-SMART_CART2_0_20251120.csv
KO,2025-11-20 13:22:33,SEIL-SMART_CART2,,Ea814,인터록 앞쪽 피더들뜸 센서 2,,관리자,,,,ErrLog_SEIL-SMART_CART2_2_20251120.csv
KO,2025-11-20 13:59:03,SEIL-KYK30K_MAIN,,Ea803,인터록 앞쪽 피더들뜸 센서 1,,관리자,,,,ErrLog_SEIL-KYK30K_MAIN_0_20251120.csv
KO,2025-11-20 13:59:07,SEIL-KYK30K_MAIN,,Ea814,인터록 앞쪽 피더들뜸 센서 2,,관리자,,,,ErrLog_SEIL-KYK30K_MAIN_0_20251120.csv
KO,2025-11-20 14:08:54,SEIL-KYK30K_MAIN,,Ea814,인터록 앞쪽 피더들뜸 센서 2,,관리자,,,,ErrLog_SEIL-KYK30K_MAIN_0_20251120.csv
KO,2025-11-20 14:18:18,SEIL-KYK30K_MAIN,,Ea29874,스캔 카메라 이동불가,,관리자,,,,ErrLog_SEIL-KYK30K_MAIN_0_20251120.csv
KO,2025-11-20 14:57:46,SEIL-KYK30K_MAIN,,Ea31,부품흡착 에러,/TableA/M9/H3/C2/F27/VE150/FdrID=SSY-008-0452615B,관리자,,,,ErrLog_SEIL-KYK30K_MAIN_0_20251120.csv
KO,2025-11-20 14:57:46,SEIL-KYK30K_MAIN,,Ea31,부품흡착 에러,/TableA/M10/H5/C5/F25/VE150/FdrID=SSY-008-0452591B,관리자,,,,ErrLog_SEIL-KYK30K_MAIN_0_20251120.csv
KO,2025-11-20 14:58:08,SEIL-KYK30K_MAIN,,Ea814,인터록 앞쪽 피더들뜸 센서 2,,관리자,,,,ErrLog_SEIL-KYK30K_MAIN_0_20251120.csv
KO,2025-11-20 15:01:55,SEIL-KYK30K_MAIN,,Ea12894,기판 불명,(버튼)예 /레인1 /실장위치,관리자,,,,ErrLog_SEIL-KYK30K_MAIN_0_20251120.csv
KO,2025-11-20 15:02:05,SEIL-KYK30K_MAIN,,Ea31,부품흡착 에러,/TableA/M1/H9/C8/F40/VE150/FdrID=,관리자,,,,ErrLog_SEIL-KYK30K_MAIN_0_20251120.csv
KO,2025-11-20 15:02:59,SEIL-KYK30K_MAIN,,Ea12968,도중부터 운전,(버튼)예 /레인1 /실장위치,관리자,,,,ErrLog_SEIL-KYK30K_MAIN_0_20251120.csv
KO,2025-11-20 15:02:59,SEIL-KYK30K_MAIN,,Ea13339,도중부터 탑재,(버튼)OK,관리자,,,,ErrLog_SEIL-KYK30K_MAIN_0_20251120.csv
KO,2025-11-20 15:03:20,SEIL-KYK30K_MAIN,,Ea31,부품흡착 에러,/TableA/M1/H9/C8/F40/VE150/FdrID=,관리자,,,,ErrLog_SEIL-KYK30K_MAIN_0_20251120.csv
KO,2025-11-20 15:04:06,SEIL-KYK30K_MAIN,,Ea12968,도중부터 운전,(버튼)예 /레인1 /실장위치,관리자,,,,ErrLog_SEIL-KYK30K_MAIN_0_20251120.csv
KO,2025-11-20 15:04:06,SEIL-KYK30K_MAIN,,Ea13339,도중부터 탑재,(버튼)OK,관리자,,,,ErrLog_SEIL-KYK30K_MAIN_0_20251120.csv
KO,2025-11-20 16:58:39,SEIL-KYK30K_MAIN,,Ea31,부품흡착 에러,/TableA/M20/H5/C2/F27/VE150/FdrID=SSY-008-0452615B,관리자,,,,ErrLog_SEIL-KYK30K_MAIN_6_20251120.csv
KO,2025-11-20 17:08:46,SEIL-KYK30K_MAIN,,Ea31,부품흡착 에러,/TableA/M1/H9/C8/F40/VE150/FdrID=,관리자,,,,ErrLog_SEIL-KYK30K_MAIN_19_20251120.csv
KO,2025-11-20 17:20:42,SEIL-KYK30K_MAIN,,Ea814,인터록 앞쪽 피더들뜸 센서 2,,관리자,,,,ErrLog_SEIL-KYK30K_MAIN_34_20251120.csv
KO,2025-11-20 17:35:00,SEIL-KYK30K_MAIN,,Ea803,인터록 앞쪽 피더들뜸 센서 1,,관리자,,,,ErrLog_SEIL-KYK30K_MAIN_34_20251120.csv
KO,2025-11-20 17:35:35,SEIL-KYK30K_MAIN,,Ea814,인터록 앞쪽 피더들뜸 센서 2,,관리자,,,,ErrLog_SEIL-KYK30K_MAIN_34_20251120.csv
KO,2025-11-20 17:38:34,SEIL-KYK30K_MAIN,,Ea814,인터록 앞쪽 피더들뜸 센서 2,,관리자,,,,ErrLog_SEIL-KYK30K_MAIN_34_20251120.csv
KO,2025-11-20 17:39:13,SEIL-KYK30K_MAIN,,Ea29699,인터록 덤프박스 장착 센서,,관리자,,,,ErrLog_SEIL-KYK30K_MAIN_34_20251120.csv
KO,2025-11-20 18:29:22,SEIL-KYK30K_MAIN,,Ea803,인터록 앞쪽 피더들뜸 센서 1,,관리자,,,,ErrLog_SEIL-KYK30K_MAIN_34_20251120.csv
KO,2025-11-21 12:29:00,SEIL-AIRDEEP_M_BOT_251113,,Ea803,인터록 앞쪽 피더들뜸 센서 1,,관리자,,,,ErrLog_SEIL-AIRDEEP_M_BOT_251113_0_20251121.csv
KO,2025-11-21 12:29:03,SEIL-AIRDEEP_M_BOT_251113,,Ea814,인터록 앞쪽 피더들뜸 센서 2,,관리자,,,,ErrLog_SEIL-AIRDEEP_M_BOT_251113_0_20251121.csv
KO,2025-11-21 14:05:23,SEIL-AIRDEEP_M_TOP_251113,,Ea803,인터록 앞쪽 피더들뜸 센서 1,,관리자,,,,ErrLog_SEIL-AIRDEEP_M_TOP_251113_0_20251121.csv
KO,2025-11-21 17:58:55,SEIL-AIRDEEP_M_TOP_251113,,Ea12388,장비의 전원OFF 완료,,관리자,,,,ErrLog_SEIL-AIRDEEP_M_TOP_251113_0_20251121.csv
KO,2025-11-24 10:26:04,,,Ea12387,장비의 전원ON 완료,OmAuto Address=baafec00,디폴트 작업자,,,,ErrLog__0_20251124.csv
KO,2025-11-26 15:45:02,SH-G1408CH_FULL,,Ea803,인터록 앞쪽 피더들뜸 센서 1,,관리자,,,,ErrLog_SH-G1408CH_FULL_0_20251126.csv
KO,2025-11-26 15:46:26,SH-G1408CH_FULL,,Ea814,인터록 앞쪽 피더들뜸 센서 2,,관리자,,,,ErrLog_SH-G1408CH_FULL_0_20251126.csv
KO,2025-11-28 13:21:19,SH-G1408CH_FULL,,Ea12388,장비의 전원OFF 완료,,관리자,,,,ErrLog_SH-G1408CH_FULL_0_20251128.csv
KO,2025-12-01 10:12:10,,,Ea12387,장비의 전원ON 완료,OmAuto Address=ba6f2c00,디폴트 작업자,,,,ErrLog__0_20251201.csv
KO,2025-12-01 17:27:51,SEIL-AIRDEEP_M_BOT_251113,,Ea803,인터록 앞쪽 피더들뜸 센서 1,,관리자,,,,ErrLog_SEIL-AIRDEEP_M_BOT_251113_0_20251201.csv
KO,2025-12-01 17:28:40,SEIL-AIRDEEP_M_BOT_251113,,Ea814,인터록 앞쪽 피더들뜸 센서 2,,관리자,,,,ErrLog_SEIL-AIRDEEP_M_BOT_251113_0_20251201.csv
KO,2025-12-01 17:36:48,SEIL-AIRDEEP_M_TOP_251113,,Ea814,인터록 앞쪽 피더들뜸 센서 2,,관리자,,,,ErrLog_SEIL-AIRDEEP_M_TOP_251113_0_20251201.csv
KO,2025-12-01 17:45:14,SEIL-AIRDEEP_M_BOT_251113,,Ea814,인터록 앞쪽 피더들뜸 센서 2,,관리자,,,,ErrLog_SEIL-AIRDEEP_M_BOT_251113_0_20251201.csv
KO,2025-12-01 17:54:11,SEIL-AIRDEEP_M_BOT_251113,,Ea814,인터록 앞쪽 피더들뜸 센서 2,,관리자,,,,ErrLog_SEIL-AIRDEEP_M_BOT_251113_0_20251201.csv
KO,2025-12-02 10:29:31,SEIL-AIRDEEP_M_TOP_251113,,Ea803,인터록 앞쪽 피더들뜸 센서 1,,관리자,,,,ErrLog_SEIL-AIRDEEP_M_TOP_251113_0_20251202.csv
KO,2025-12-02 11:34:41,SEIL-AIRDEEP_M_BOT_251113,,O13187,샤프트 청소 블로우 정상 종료,/TableA,관리자,,,,ErrLog_SEIL-AIRDEEP_M_BOT_251113_0_20251202.csv
KO,2025-12-02 11:34:47,SEIL-AIRDEEP_M_BOT_251113,,Ea814,인터록 앞쪽 피더들뜸 센서 2,,관리자,,,,ErrLog_SEIL-AIRDEEP_M_BOT_251113_0_20251202.csv
KO,2025-12-02 11:38:28,SEIL-AIRDEEP_M_BOT_251113,,Ea31,부품흡착 에러,/TableA/M7/H8/C18/F33/VE150/FdrID=SSY-008-0452620B,관리자,,,,ErrLog_SEIL-AIRDEEP_M_BOT_251113_0_20251202.csv
KO,2025-12-02 11:42:25,SEIL-AIRDEEP_M_BOT_251113,,Ea12968,도중부터 운전,(버튼)예 /레인1 /실장위치,관리자,,,,ErrLog_SEIL-AIRDEEP_M_BOT_251113_0_20251202.csv
KO,2025-12-02 11:42:25,SEIL-AIRDEEP_M_BOT_251113,,Ea13339,도중부터 탑재,(버튼)OK,관리자,,,,ErrLog_SEIL-AIRDEEP_M_BOT_251113_0_20251202.csv
KO,2025-12-02 11:55:29,SEIL-AIRDEEP_M_BOT_251113,,Ea12894,기판 불명,(버튼)예 /레인1 /실장위치,관리자,,,,ErrLog_SEIL-AIRDEEP_M_BOT_251113_0_20251202.csv
KO,2025-12-02 13:01:34,SEIL-AIRDEEP_M_BOT_251113,,Ea803,인터록 앞쪽 피더들뜸 센서 1,,관리자,,,,ErrLog_SEIL-AIRDEEP_M_BOT_251113_1_20251202.csv
KO,2025-12-02 13:02:32,SEIL-AIRDEEP_M_TOP_251113,,Ea803,인터록 앞쪽 피더들뜸 센서 1,,관리자,,,,ErrLog_SEIL-AIRDEEP_M_TOP_251113_0_20251202.csv
KO,2025-12-02 13:04:46,SEIL-AIRDEEP_M_TOP_251113,,Ea814,인터록 앞쪽 피더들뜸 센서 2,,관리자,,,,ErrLog_SEIL-AIRDEEP_M_TOP_251113_0_20251202.csv
KO,2025-12-02 13:07:47,SEIL-AIRDEEP_M_TOP_251113,,Ea803,인터록 앞쪽 피더들뜸 센서 1,,관리자,,,,ErrLog_SEIL-AIRDEEP_M_TOP_251113_0_20251202.csv
KO,2025-12-02 13:08:36,SEIL-AIRDEEP_M_TOP_251113,,Ea814,인터록 앞쪽 피더들뜸 센서 2,,관리자,,,,ErrLog_SEIL-AIRDEEP_M_TOP_251113_0_20251202.csv
KO,2025-12-02 15:04:01,SEIL-AIRDEEP_M_TOP_251113,,Ea12894,기판 불명,(버튼)예 /레인1 /실장위치,관리자,,,,ErrLog_SEIL-AIRDEEP_M_TOP_251113_0_20251202.csv
KO,2025-12-02 15:04:09,SEIL-AIRDEEP_M_TOP_251113,,Es10007,Es00007: 오버 커런트,ZA5 (1) ,관리자,,,,ErrLog_SEIL-AIRDEEP_M_TOP_251113_0_20251202.csv
KO,2025-12-02 15:04:12,SEIL-AIRDEEP_M_TOP_251113,,Ea109,장착 동작중의 축정지,/TableA/M6/H5/EX4:1,관리자,,,,ErrLog_SEIL-AIRDEEP_M_TOP_251113_0_20251202.csv
KO,2025-12-02 15:06:53,SEIL-AIRDEEP_M_TOP_251113,,Ea803,인터록 앞쪽 피더들뜸 센서 1,,관리자,,,,ErrLog_SEIL-AIRDEEP_M_TOP_251113_0_20251202.csv
KO,2025-12-02 15:07:05,SEIL-AIRDEEP_M_TOP_251113,,Ea12894,기판 불명,(버튼)예 /레인1 /실장위치,관리자,,,,ErrLog_SEIL-AIRDEEP_M_TOP_251113_0_20251202.csv
KO,2025-12-02 17:17:06,SEIL-AIRDEEP_M_TOP_251113,,Ea814,인터록 앞쪽 피더들뜸 센서 2,,관리자,,,,ErrLog_SEIL-AIRDEEP_M_TOP_251113_67_20251202.csv
KO,2025-12-03 11:41:14,SEIL-AIRDEEP_M_TOP_251113,,Ea803,인터록 앞쪽 피더들뜸 센서 1,,관리자,,,,ErrLog_SEIL-AIRDEEP_M_TOP_251113_67_20251203.csv
KO,2025-12-03 11:43:28,SEIL-AIRDEEP_M_BOT_251113,,Ea803,인터록 앞쪽 피더들뜸 센서 1,,관리자,,,,ErrLog_SEIL-AIRDEEP_M_BOT_251113_0_20251203.csv
KO,2025-12-03 11:43:41,SEIL-AIRDEEP_M_BOT_251113,,Ea814,인터록 앞쪽 피더들뜸 센서 2,,관리자,,,,ErrLog_SEIL-AIRDEEP_M_BOT_251113_0_20251203.csv
KO,2025-12-03 15:40:40,SEIL-CONTROLLER_COMM_251203,,Ea803,인터록 앞쪽 피더들뜸 센서 1,,관리자,,,,ErrLog_SEIL-CONTROLLER_COMM_251203_0_20251203.csv
KO,2025-12-03 15:56:54,SEIL-CONTROLLER_COMM_251203,,Ea814,인터록 앞쪽 피더들뜸 센서 2,,관리자,,,,ErrLog_SEIL-CONTROLLER_COMM_251203_0_20251203.csv
KO,2025-12-03 16:52:42,SEIL-CONTROLLER_COMM_251203,,Ea814,인터록 앞쪽 피더들뜸 센서 2,,관리자,,,,ErrLog_SEIL-CONTROLLER_COMM_251203_0_20251203.csv
KO,2025-12-03 17:30:23,SEIL-CONTROLLER_COMM_251203,,Ea30101,피더 미검출,/TableA/F8/FdrID=,관리자,,,,ErrLog_SEIL-CONTROLLER_COMM_251203_0_20251203.csv
KO,2025-12-04 11:40:38,SEIL-CONTROLLER_COMM_251203,,O13187,샤프트 청소 블로우 정상 종료,/TableA,관리자,,,,ErrLog_SEIL-CONTROLLER_COMM_251203_0_20251204.csv
KO,2025-12-04 17:24:19,SEIL-CONTROLLER_COMM_251203,,Ea803,인터록 앞쪽 피더들뜸 센서 1,,관리자,,,,ErrLog_SEIL-CONTROLLER_COMM_251203_3_20251204.csv
KO,2025-12-04 17:30:09,SEIL-CONTROLLER_COMM_251203,,Ea814,인터록 앞쪽 피더들뜸 센서 2,,관리자,,,,ErrLog_SEIL-CONTROLLER_COMM_251203_3_20251204.csv
KO,2025-12-04 17:48:31,SEIL-AIRDEEP_M_BOT_251113,,Ea814,인터록 앞쪽 피더들뜸 센서 2,,관리자,,,,ErrLog_SEIL-AIRDEEP_M_BOT_251113_0_20251204.csv
KO,2025-12-05 17:19:47,SEIL-AIRDEEP_M_BOT_251113,,Ea12388,장비의 전원OFF 완료,,관리자,,,,ErrLog_SEIL-AIRDEEP_M_BOT_251113_0_20251205.csv
KO,2025-12-07 13:35:57,,,Ea12387,장비의 전원ON 완료,OmAuto Address=ba8f2c00,디폴트 작업자,,,,ErrLog__0_20251207.csv
KO,2025-12-07 14:04:55,SEIL-AIRDEEP_M_BOT_251113,,O13187,샤프트 청소 블로우 정상 종료,/TableA,관리자,,,,ErrLog_SEIL-AIRDEEP_M_BOT_251113_0_20251207.csv
KO,2025-12-07 14:05:24,SEIL-AIRDEEP_M_BOT_251113,,Ea88,부품소진 에러,/TableA/M7/C18/F33/FdrID=,관리자,,,,ErrLog_SEIL-AIRDEEP_M_BOT_251113_0_20251207.csv
KO,2025-12-07 14:05:36,SEIL-AIRDEEP_M_BOT_251113,,Ea814,인터록 앞쪽 피더들뜸 센서 2,,관리자,,,,ErrLog_SEIL-AIRDEEP_M_BOT_251113_0_20251207.csv
KO,2025-12-07 14:05:52,SEIL-AIRDEEP_M_BOT_251113,,Ea31,부품흡착 에러,/TableA/M26/H2/C17/F42/VE150/FdrID=SSY-2T6-0079960A,관리자,,,,ErrLog_SEIL-AIRDEEP_M_BOT_251113_0_20251207.csv
KO,2025-12-07 14:05:52,SEIL-AIRDEEP_M_BOT_251113,,Ea31,부품흡착 에러,/TableA/M27/H1/C19/F21/VE150/FdrID=,관리자,,,,ErrLog_SEIL-AIRDEEP_M_BOT_251113_0_20251207.csv
KO,2025-12-07 14:06:04,SEIL-AIRDEEP_M_BOT_251113,,Ea803,인터록 앞쪽 피더들뜸 센서 1,,관리자,,,,ErrLog_SEIL-AIRDEEP_M_BOT_251113_0_20251207.csv
KO,2025-12-07 14:08:10,SEIL-AIRDEEP_M_BOT_251113,,Ea12894,기판 불명,(버튼)예 /레인1 /실장위치,관리자,,,,ErrLog_SEIL-AIRDEEP_M_BOT_251113_0_20251207.csv
KO,2025-12-07 14:23:12,SEIL-AIRDEEP_M_BOT_251113,,Ea21,리드폭 에러,/TableA/M24/H3/C2/F41/VE153/FdrID=SSY-008-0452619B,관리자,,,,ErrLog_SEIL-AIRDEEP_M_BOT_251113_2_20251207.csv
KO,2025-12-07 14:25:12,SEIL-AIRDEEP_M_BOT_251113,,Ea21,리드폭 에러,/TableA/M21/H1/C2/F41/VE153/FdrID=SSY-008-0452619B,관리자,,,,ErrLog_SEIL-AIRDEEP_M_BOT_251113_4_20251207.csv
KO,2025-12-07 14:25:58,SEIL-AIRDEEP_M_BOT_251113,,Ea21,리드폭 에러,/TableA/M21/H1/C2/F41/VE153/FdrID=SSY-008-0452619B,관리자,,,,ErrLog_SEIL-AIRDEEP_M_BOT_251113_5_20251207.csv
KO,2025-12-07 14:31:18,SEIL-AIRDEEP_M_BOT_251113,,Ea31,부품흡착 에러,/TableA/M10/H9/C19/F21/VE150/FdrID=,관리자,,,,ErrLog_SEIL-AIRDEEP_M_BOT_251113_12_20251207.csv
KO,2025-12-07 14:40:56,SEIL-AIRDEEP_M_BOT_251113,,Ea31,부품흡착 에러,/TableA/M10/H9/C19/F21/VE150/FdrID=,관리자,,,,ErrLog_SEIL-AIRDEEP_M_BOT_251113_24_20251207.csv
KO,2025-12-07 14:47:46,SEIL-AIRDEEP_M_BOT_251113,,Ea31,부품흡착 에러,/TableA/M10/H9/C19/F21/VE150/FdrID=,관리자,,,,ErrLog_SEIL-AIRDEEP_M_BOT_251113_35_20251207.csv
KO,2025-12-07 15:11:09,SEIL-AIRDEEP_M_BOT_251113,,Ea803,인터록 앞쪽 피더들뜸 센서 1,,관리자,,,,ErrLog_SEIL-AIRDEEP_M_BOT_251113_66_20251207.csv
KO,2025-12-07 15:14:06,SEIL-AIRDEEP_M_BOT_251113,,Ea814,인터록 앞쪽 피더들뜸 센서 2,,관리자,,,,ErrLog_SEIL-AIRDEEP_M_BOT_251113_66_20251207.csv
KO,2025-12-07 16:45:57,SH-G1408CH_FULL-251207,,Ea803,인터록 앞쪽 피더들뜸 센서 1,,관리자,,,,ErrLog_SH-G1408CH_FULL-251207_0_20251207.csv
KO,2025-12-07 16:46:00,SH-G1408CH_FULL-251207,,Ea814,인터록 앞쪽 피더들뜸 센서 2,,관리자,,,,ErrLog_SH-G1408CH_FULL-251207_0_20251207.csv
KO,2025-12-07 17:24:58,SH-G1408CH_FULL-251207,,Ea12894,기판 불명,(버튼)예 /레인1 /실장위치,관리자,,,,ErrLog_SH-G1408CH_FULL-251207_0_20251207.csv
KO,2025-12-08 09:26:07,SH-G1408CH_FULL-251207,,Ea29152,자동 트레이체인저 도어오픈 에러,/ATSTable1,관리자,,,,ErrLog_SH-G1408CH_FULL-251207_5_20251208.csv
KO,2025-12-08 09:55:51,SH-G1408CH_FULL-251207,,O13187,샤프트 청소 블로우 정상 종료,/TableA,관리자,,,,ErrLog_SH-G1408CH_FULL-251207_5_20251208.csv
KO,2025-12-08 10:26:48,SH-G1408CH_FULL-251207,,Ea31,부품흡착 에러,/TableA/M64/H9/C14/F19/VE150/FdrID=SSY-2T6-0081321A,관리자,,,,ErrLog_SH-G1408CH_FULL-251207_39_20251208.csv
KO,2025-12-08 16:03:01,SH-G1408CH_FULL-251207,,Ea31,부품흡착 에러,/TableA/M27/H1/C9/F37/VE150/FdrID=SSY-2T6-0090597A,관리자,,,,ErrLog_SH-G1408CH_FULL-251207_396_20251208.csv
KO,2025-12-09 12:05:26,SH-G1408CH_FULL-251207,,Ea814,인터록 앞쪽 피더들뜸 센서 2,,관리자,,,,ErrLog_SH-G1408CH_FULL-251207_513_20251209.csv
KO,2025-12-09 12:11:32,SH-NEW_DELIM4,,Ea814,인터록 앞쪽 피더들뜸 센서 2,,관리자,,,,ErrLog_SH-NEW_DELIM4_0_20251209.csv
KO,2025-12-09 12:19:28,SH-NEW_DELIM4,,Ea803,인터록 앞쪽 피더들뜸 센서 1,,관리자,,,,ErrLog_SH-NEW_DELIM4_0_20251209.csv
KO,2025-12-09 14:16:41,SEIL-SMC_770GD_AVS_BOT,,Ea814,인터록 앞쪽 피더들뜸 센서 2,,관리자,,,,ErrLog_SEIL-SMC_770GD_AVS_BOT_0_20251209.csv
KO,2025-12-09 15:16:11,SEIL-SMC_770GD_AVS_TOP,,Ea803,인터록 앞쪽 피더들뜸 센서 1,,관리자,,,,ErrLog_SEIL-SMC_770GD_AVS_TOP_0_20251209.csv
KO,2025-12-09 15:41:57,SEIL-SMC_770GD_AVS_BOT,,Ea803,인터록 앞쪽 피더들뜸 센서 1,,관리자,,,,ErrLog_SEIL-SMC_770GD_AVS_BOT_0_20251209.csv
KO,2025-12-09 15:57:54,SEIL-SMC_770GD_AVS_TOP,,O13187,샤프트 청소 블로우 정상 종료,/TableA,관리자,,,,ErrLog_SEIL-SMC_770GD_AVS_TOP_0_20251209.csv
KO,2025-12-09 16:06:13,SEIL-SMC_770GD_AVS_BOT,,Ea803,인터록 앞쪽 피더들뜸 센서 1,,관리자,,,,ErrLog_SEIL-SMC_770GD_AVS_BOT_0_20251209.csv
KO,2025-12-09 16:40:54,SEIL-SMC_770GD_AVS_BOT,,Ea13039,불명한 기판 검출,(버튼)아니오 /레인1 /실장위치,관리자,,,,ErrLog_SEIL-SMC_770GD_AVS_BOT_1_20251209.csv
KO,2025-12-09 16:42:23,SEIL-SMC_770GD_AVS_BOT,,Ea31,부품흡착 에러,/TableA/M6/H4/C7/F46/VE150/FdrID=SSY-024-0024297A,관리자,,,,ErrLog_SEIL-SMC_770GD_AVS_BOT_1_20251209.csv
KO,2025-12-09 16:45:27,SEIL-SMC_770GD_AVS_BOT,,Ea31,부품흡착 에러,/TableA/M6/H4/C7/F46/VE150/FdrID=SSY-024-0024297A,관리자,,,,ErrLog_SEIL-SMC_770GD_AVS_BOT_2_20251209.csv
KO,2025-12-09 16:46:19,SEIL-SMC_770GD_AVS_BOT,,Ea21,리드폭 에러,/TableA/M32/H10/C13/F29/VE153/FdrID=SSY-008-0452579B,관리자,,,,ErrLog_SEIL-SMC_770GD_AVS_BOT_2_20251209.csv
KO,2025-12-09 16:53:09,SEIL-SMC_770GD_AVS_BOT,,Ea31,부품흡착 에러,/TableA/M6/H4/C7/F46/VE150/FdrID=SSY-024-0024297A,관리자,,,,ErrLog_SEIL-SMC_770GD_AVS_BOT_4_20251209.csv
KO,2025-12-09 17:28:53,SEIL-SMC_770GD_AVS_BOT,,Ea814,인터록 앞쪽 피더들뜸 센서 2,,관리자,,,,ErrLog_SEIL-SMC_770GD_AVS_BOT_5_20251209.csv
KO,2025-12-10 10:41:08,SEIL-SMC_770GD_AVS_BOT,,Ea803,인터록 앞쪽 피더들뜸 센서 1,,관리자,,,,ErrLog_SEIL-SMC_770GD_AVS_BOT_5_20251210.csv
KO,2025-12-10 16:34:24,SEIL-2_4INCH_CONTROLLER-TOP_251210,,Ea803,인터록 앞쪽 피더들뜸 센서 1,,관리자,,,,ErrLog_SEIL-2_4INCH_CONTROLLER-TOP_251210_0_20251210.csv
KO,2025-12-10 16:34:26,SEIL-2_4INCH_CONTROLLER-TOP_251210,,Ea814,인터록 앞쪽 피더들뜸 센서 2,,관리자,,,,ErrLog_SEIL-2_4INCH_CONTROLLER-TOP_251210_0_20251210.csv
KO,2025-12-11 15:17:00,SEIL-2_4INCH_CONTROLLER-TOP_251210,,Ea814,인터록 앞쪽 피더들뜸 센서 2,,관리자,,,,ErrLog_SEIL-2_4INCH_CONTROLLER-TOP_251210_0_20251211.csv
KO,2025-12-11 15:31:04,SEIL-2_4INCH_CONTROLLER-TOP_251210,,O13187,샤프트 청소 블로우 정상 종료,/TableA,관리자,,,,ErrLog_SEIL-2_4INCH_CONTROLLER-TOP_251210_0_20251211.csv
KO,2025-12-11 15:36:52,SEIL-2_4INCH_CONTROLLER-TOP_251210,,Ea12894,기판 불명,(버튼)예 /레인1 /실장위치,관리자,,,,ErrLog_SEIL-2_4INCH_CONTROLLER-TOP_251210_0_20251211.csv
KO,2025-12-11 17:33:26,SEIL-2_4INCH_CONTROLLER-TOP_251210,,Ea803,인터록 앞쪽 피더들뜸 센서 1,,관리자,,,,ErrLog_SEIL-2_4INCH_CONTROLLER-TOP_251210_3_20251211.csv
KO,2025-12-11 17:33:42,SEIL-2_4INCH_CONTROLLER-TOP_251210,,Ea814,인터록 앞쪽 피더들뜸 센서 2,,관리자,,,,ErrLog_SEIL-2_4INCH_CONTROLLER-TOP_251210_3_20251211.csv
KO,2025-12-12 11:17:12,SEIL-2_4INCH_CONTROLLER-TOP_251210,,Ea12388,장비의 전원OFF 완료,,관리자,,,,ErrLog_SEIL-2_4INCH_CONTROLLER-TOP_251210_3_20251212.csv
KO,2025-12-15 10:18:23,,,Ea12387,장비의 전원ON 완료,OmAuto Address=bb0f2c00,디폴트 작업자,,,,ErrLog__0_20251215.csv
KO,2025-12-16 14:34:48,SH-NEW_DELIM4,,Ea814,인터록 앞쪽 피더들뜸 센서 2,,관리자,,,,ErrLog_SH-NEW_DELIM4_0_20251216.csv
KO,2025-12-16 14:51:31,SH-NEW_DELIM4,,O13187,샤프트 청소 블로우 정상 종료,/TableA,관리자,,,,ErrLog_SH-NEW_DELIM4_0_20251216.csv
KO,2025-12-16 14:59:48,SH-NEW_DELIM4,,Ea31,부품흡착 에러,/TableA/M4/H9/C5/F33/VE150/FdrID=SSY-2T6-0079953A,관리자,,,,ErrLog_SH-NEW_DELIM4_0_20251216.csv
KO,2025-12-16 15:01:49,SH-NEW_DELIM4,,Ea12894,기판 불명,(버튼)예 /레인1 /실장위치,관리자,,,,ErrLog_SH-NEW_DELIM4_0_20251216.csv
KO,2025-12-16 16:53:24,SH-NEW_DELIM4,,Ea31,부품흡착 에러,/TableA/M9/H2/C2/F28/VE150/FdrID=SSY-024-0021547A,관리자,,,,ErrLog_SH-NEW_DELIM4_100_20251216.csv
KO,2025-12-16 16:54:00,SH-NEW_DELIM4,,Ea31,부품흡착 에러,/TableA/M9/H2/C2/F28/VE150/FdrID=SSY-024-0021547A,관리자,,,,ErrLog_SH-NEW_DELIM4_100_20251216.csv
KO,2025-12-16 16:54:10,SH-NEW_DELIM4,,Ea29874,스캔 카메라 이동불가,,관리자,,,,ErrLog_SH-NEW_DELIM4_100_20251216.csv
KO,2025-12-16 16:54:15,SH-NEW_DELIM4,,Ea29874,스캔 카메라 이동불가,,관리자,,,,ErrLog_SH-NEW_DELIM4_100_20251216.csv
KO,2025-12-16 16:54:48,SH-NEW_DELIM4,,Ea13339,도중부터 탑재,(버튼)OK,관리자,,,,ErrLog_SH-NEW_DELIM4_100_20251216.csv
KO,2025-12-16 16:54:48,SH-NEW_DELIM4,,Ea12968,도중부터 운전,(버튼)예 /레인1 /실장위치,관리자,,,,ErrLog_SH-NEW_DELIM4_100_20251216.csv
KO,2025-12-16 16:54:56,SH-NEW_DELIM4,,Ea31,부품흡착 에러,/TableA/M9/H2/C2/F28/VE150/FdrID=SSY-024-0021547A,관리자,,,,ErrLog_SH-NEW_DELIM4_100_20251216.csv
KO,2025-12-16 16:57:39,SH-NEW_DELIM4,,Ea31,부품흡착 에러,/TableA/M9/H2/C2/F28/VE150/FdrID=SSY-024-0021547A,관리자,,,,ErrLog_SH-NEW_DELIM4_100_20251216.csv
KO,2025-12-16 16:57:44,SH-NEW_DELIM4,,Ea29874,스캔 카메라 이동불가,,관리자,,,,ErrLog_SH-NEW_DELIM4_100_20251216.csv
KO,2025-12-16 16:58:26,SH-NEW_DELIM4,,Ea13339,도중부터 탑재,(버튼)OK,관리자,,,,ErrLog_SH-NEW_DELIM4_100_20251216.csv
KO,2025-12-16 16:58:26,SH-NEW_DELIM4,,Ea12968,도중부터 운전,(버튼)예 /레인1 /실장위치,관리자,,,,ErrLog_SH-NEW_DELIM4_100_20251216.csv
KO,2025-12-16 17:44:27,SH-NEW_DELIM4,,Ea31,부품흡착 에러,/TableA/M9/H2/C2/F28/VE150/FdrID=SSY-024-0021547A,관리자,,,,ErrLog_SH-NEW_DELIM4_187_20251216.csv
KO,2025-12-16 17:44:36,SH-NEW_DELIM4,,Ea31,부품흡착 에러,/TableA/M9/H2/C2/F28/VE150/FdrID=SSY-024-0021547A,관리자,,,,ErrLog_SH-NEW_DELIM4_187_20251216.csv
KO,2025-12-16 17:44:40,SH-NEW_DELIM4,,Ea31,부품흡착 에러,/TableA/M9/H2/C2/F28/VE150/FdrID=SSY-024-0021547A,관리자,,,,ErrLog_SH-NEW_DELIM4_187_20251216.csv
KO,2025-12-17 11:36:05,SH-NEW_DELIM4,,O13187,샤프트 청소 블로우 정상 종료,/TableA,관리자,,,,ErrLog_SH-NEW_DELIM4_200_20251217.csv
KO,2025-12-17 12:10:24,SH-NEW_DELIM4,,Ea31,부품흡착 에러,/TableA/M9/H2/C2/F28/VE150/FdrID=SSY-024-0021547A,관리자,,,,ErrLog_SH-NEW_DELIM4_262_20251217.csv
KO,2025-12-17 12:11:03,SH-NEW_DELIM4,,Ea31,부품흡착 에러,/TableA/M9/H2/C2/F28/VE150/FdrID=SSY-024-0021547A,관리자,,,,ErrLog_SH-NEW_DELIM4_263_20251217.csv
KO,2025-12-17 13:12:22,SH-NEW_DELIM4,,Ea31,부품흡착 에러,/TableA/M6/H1/C3/F35/VE150/FdrID=SSY-2T6-0081788A,관리자,,,,ErrLog_SH-NEW_DELIM4_303_20251217.csv
KO,2025-12-17 13:42:04,SH-NEW_DELIM4,,Ea29089,자동 트레이체인저 부품소진 정지,/TableA/ATSTable1/C4,관리자,,,,ErrLog_SH-NEW_DELIM4_360_20251217.csv
KO,2025-12-17 13:46:04,SH-NEW_DELIM4,,Ea31,부품흡착 에러,/TableA/M2/H5/C6/F31/VE150/FdrID=SSY-2T6-0079955A,관리자,,,,ErrLog_SH-NEW_DELIM4_367_20251217.csv
KO,2025-12-17 13:46:09,SH-NEW_DELIM4,,Ea814,인터록 앞쪽 피더들뜸 센서 2,,관리자,,,,ErrLog_SH-NEW_DELIM4_367_20251217.csv
KO,2025-12-17 13:51:13,SH-NEW_DELIM4,,Ea31,부품흡착 에러,/TableA/M9/H2/C2/F28/VE150/FdrID=SSY-024-0021547A,관리자,,,,ErrLog_SH-NEW_DELIM4_375_20251217.csv
KO,2025-12-17 14:55:40,SH-NEW_DELIM4,,Ea31,부품흡착 에러,/TableA/M9/H2/C2/F28/VE150/FdrID=SSY-024-0021547A,관리자,,,,ErrLog_SH-NEW_DELIM4_499_20251217.csv
KO,2025-12-17 15:00:00,SH-NEW_DELIM4,,Ea31,부품흡착 에러,/TableA/M9/H2/C2/F28/VE150/FdrID=SSY-024-0021547A,관리자,,,,ErrLog_SH-NEW_DELIM4_507_20251217.csv
KO,2025-12-17 15:00:19,SH-NEW_DELIM4,,Ea31,부품흡착 에러,/TableA/M9/H2/C2/F28/VE150/FdrID=SSY-024-0021547A,관리자,,,,ErrLog_SH-NEW_DELIM4_507_20251217.csv
KO,2025-12-17 15:00:31,SH-NEW_DELIM4,,Ea29874,스캔 카메라 이동불가,,관리자,,,,ErrLog_SH-NEW_DELIM4_507_20251217.csv
KO,2025-12-17 15:03:44,SH-NEW_DELIM4,,Ea31,부품흡착 에러,/TableA/M9/H2/C2/F28/VE150/FdrID=SSY-024-0021547A,관리자,,,,ErrLog_SH-NEW_DELIM4_512_20251217.csv
KO,2025-12-17 15:25:23,SH-NEW_DELIM4,,Ea79,기판반송 에러,/EX1:9/EX2:1,관리자,,,,ErrLog_SH-NEW_DELIM4_554_20251217.csv
KO,2025-12-17 16:34:41,SH-NEW_DELIM4,,Ea79,기판반송 에러,/EX1:9/EX2:1,관리자,,,,ErrLog_SH-NEW_DELIM4_688_20251217.csv
KO,2025-12-17 16:51:17,SH-NEW_DELIM4,,Ea29089,자동 트레이체인저 부품소진 정지,/TableA/ATSTable1/C4,관리자,,,,ErrLog_SH-NEW_DELIM4_720_20251217.csv
KO,2025-12-17 17:13:29,SH-NEW_DELIM4,,Ea31,부품흡착 에러,/TableA/M9/H2/C2/F28/VE150/FdrID=SSY-024-0021547A,관리자,,,,ErrLog_SH-NEW_DELIM4_762_20251217.csv
KO,2025-12-17 17:56:42,SH-NEW_DELIM4,,Ea953,부품흡착 에러,/TableA/M3/H8/C4/P6/VE150,관리자,,,,ErrLog_SH-NEW_DELIM4_846_20251217.csv
KO,2025-12-17 18:00:04,SH-NEW_DELIM4,,Ea13339,도중부터 탑재,(버튼)OK,관리자,,,,ErrLog_SH-NEW_DELIM4_846_20251217.csv
KO,2025-12-17 18:00:04,SH-NEW_DELIM4,,Ea12968,도중부터 운전,(버튼)예 /레인1 /실장위치,관리자,,,,ErrLog_SH-NEW_DELIM4_846_20251217.csv
KO,2025-12-17 18:17:12,SH-NEW_DELIM4,,Ea30102,피더 에러상태,/TableA/F35/EX1:2/FdrID=SSY-2T6-0081788A,관리자,,,,ErrLog_SH-NEW_DELIM4_879_20251217.csv
KO,2025-12-18 13:09:19,SH-NEW_DELIM4,,Ea814,인터록 앞쪽 피더들뜸 센서 2,,관리자,,,,ErrLog_SH-NEW_DELIM4_950_20251218.csv
KO,2025-12-18 13:13:56,INFAC-DCDC_CONVERTER_A07-BOT,,Ea803,인터록 앞쪽 피더들뜸 센서 1,,관리자,,,,ErrLog_INFAC-DCDC_CONVERTER_A07-BOT_0_20251218.csv
KO,2025-12-18 13:40:06,INFAC-DCDC_CONVERTER_A07-BOT,,O13187,샤프트 청소 블로우 정상 종료,/TableA,관리자,,,,ErrLog_INFAC-DCDC_CONVERTER_A07-BOT_0_20251218.csv
KO,2025-12-18 13:41:25,INFAC-DCDC_CONVERTER_A07-BOT,,Es10007,Es00007: 오버 커런트,ZA3 (1) ,관리자,,,,ErrLog_INFAC-DCDC_CONVERTER_A07-BOT_0_20251218.csv
KO,2025-12-18 13:41:35,INFAC-DCDC_CONVERTER_A07-BOT,,Ea109,장착 동작중의 축정지,/TableA/M15/H3/EX4:1,관리자,,,,ErrLog_INFAC-DCDC_CONVERTER_A07-BOT_0_20251218.csv
KO,2025-12-18 13:42:16,INFAC-DCDC_CONVERTER_A07-BOT,,Ea2730,축 정지후의 확인,/TableA,관리자,,,,ErrLog_INFAC-DCDC_CONVERTER_A07-BOT_0_20251218.csv
KO,2025-12-18 13:42:25,INFAC-DCDC_CONVERTER_A07-BOT,,Ea12606,비상 정지후의 확인,블록 No. 1 탑재 No. 15 ,관리자,,,,ErrLog_INFAC-DCDC_CONVERTER_A07-BOT_0_20251218.csv
KO,2025-12-18 13:42:28,INFAC-DCDC_CONVERTER_A07-BOT,,Ea13032,탑재전 부품낙하 에러,/TableA/M10/C1/F22/FdrID=SSY-008-0452601B/RecVac=211/CurVac=84,관리자,,,,ErrLog_INFAC-DCDC_CONVERTER_A07-BOT_0_20251218.csv
KO,2025-12-18 13:42:34,INFAC-DCDC_CONVERTER_A07-BOT,,Ea13032,탑재전 부품낙하 에러,/TableA/M11/C1/F22/FdrID=SSY-008-0452601B/RecVac=182/CurVac=82,관리자,,,,ErrLog_INFAC-DCDC_CONVERTER_A07-BOT_0_20251218.csv
KO,2025-12-18 13:42:38,INFAC-DCDC_CONVERTER_A07-BOT,,Ea13032,탑재전 부품낙하 에러,/TableA/M13/C1/F22/FdrID=SSY-008-0452601B/RecVac=189/CurVac=89,관리자,,,,ErrLog_INFAC-DCDC_CONVERTER_A07-BOT_0_20251218.csv
KO,2025-12-18 13:42:42,INFAC-DCDC_CONVERTER_A07-BOT,,Ea422,부품 장착 에러,/TableA/M13/H4/C1/F22/FdrID=SSY-008-0452601B,관리자,,,,ErrLog_INFAC-DCDC_CONVERTER_A07-BOT_0_20251218.csv
KO,2025-12-18 13:43:14,INFAC-DCDC_CONVERTER_A07-BOT,,Ea12968,도중부터 운전,(버튼)예 /레인1 /실장위치,관리자,,,,ErrLog_INFAC-DCDC_CONVERTER_A07-BOT_0_20251218.csv
KO,2025-12-18 13:43:14,INFAC-DCDC_CONVERTER_A07-BOT,,Ea13339,도중부터 탑재,(버튼)OK,관리자,,,,ErrLog_INFAC-DCDC_CONVERTER_A07-BOT_0_20251218.csv
KO,2025-12-18 13:54:59,INFAC-DCDC_CONVERTER_A07-TOP,,Ea803,인터록 앞쪽 피더들뜸 센서 1,,관리자,,,,ErrLog_INFAC-DCDC_CONVERTER_A07-TOP_0_20251218.csv
KO,2025-12-18 13:56:19,INFAC-DCDC_CONVERTER_A07-TOP,,Ea814,인터록 앞쪽 피더들뜸 센서 2,,관리자,,,,ErrLog_INFAC-DCDC_CONVERTER_A07-TOP_0_20251218.csv
KO,2025-12-18 15:01:46,INFAC-DCDC_CONVERTER_A07-TOP,,Ea803,인터록 앞쪽 피더들뜸 센서 1,,관리자,,,,ErrLog_INFAC-DCDC_CONVERTER_A07-TOP_5_20251218.csv
KO,2025-12-18 15:04:36,INFAC-DCDC_CONVERTER_A07-TOP,,Ea814,인터록 앞쪽 피더들뜸 센서 2,,관리자,,,,ErrLog_INFAC-DCDC_CONVERTER_A07-TOP_5_20251218.csv
KO,2025-12-18 17:02:18,RTU_SMPS-270726,,Ea814,인터록 앞쪽 피더들뜸 센서 2,,관리자,,,,ErrLog_RTU_SMPS-270726_0_20251218.csv
KO,2025-12-19 11:07:43,RTU_SMPS-270726,,O13187,샤프트 청소 블로우 정상 종료,/TableA,관리자,,,,ErrLog_RTU_SMPS-270726_50_20251219.csv
KO,2025-12-19 17:16:07,RTU_SMPS-270726,,Ea814,인터록 앞쪽 피더들뜸 센서 2,,관리자,,,,ErrLog_RTU_SMPS-270726_300_20251219.csv
KO,2025-12-19 17:20:21,RTU_MAIN_BOT,,Ea814,인터록 앞쪽 피더들뜸 센서 2,,관리자,,,,ErrLog_RTU_MAIN_BOT_0_20251219.csv
KO,2025-12-19 19:45:27,RTU_MAIN_BOT,,Ea79,기판반송 에러,/EX1:9/EX2:1,관리자,,,,ErrLog_RTU_MAIN_BOT_98_20251219.csv
KO,2025-12-19 19:46:20,RTU_MAIN_BOT,,Ea79,기판반송 에러,/EX1:9/EX2:1,관리자,,,,ErrLog_RTU_MAIN_BOT_99_20251219.csv
KO,2025-12-19 19:47:00,RTU_MAIN_BOT,,Ea79,기판반송 에러,/EX1:9/EX2:1,관리자,,,,ErrLog_RTU_MAIN_BOT_100_20251219.csv
KO,2025-12-19 20:04:52,RTU_MAIN_BOT,,Ea79,기판반송 에러,/EX1:9/EX2:1,관리자,,,,ErrLog_RTU_MAIN_BOT_139_20251219.csv
KO,2025-12-19 20:05:40,RTU_MAIN_BOT,,Ea79,기판반송 에러,/EX1:9/EX2:1,관리자,,,,ErrLog_RTU_MAIN_BOT_140_20251219.csv
KO,2025-12-19 20:09:52,RTU_MAIN_BOT,,Ea79,기판반송 에러,/EX1:9/EX2:1,관리자,,,,ErrLog_RTU_MAIN_BOT_147_20251219.csv
KO,2025-12-20 11:05:42,RTU_MAIN_BOT,,O13187,샤프트 청소 블로우 정상 종료,/TableA,관리자,,,,ErrLog_RTU_MAIN_BOT_200_20251220.csv
KO,2025-12-20 11:18:31,RTU_MAIN_BOT,,Ea79,기판반송 에러,/EX1:9/EX2:1,관리자,,,,ErrLog_RTU_MAIN_BOT_216_20251220.csv
KO,2025-12-20 11:27:42,RTU_MAIN_BOT,,Ea79,기판반송 에러,/EX1:9/EX2:1,관리자,,,,ErrLog_RTU_MAIN_BOT_236_20251220.csv
KO,2025-12-20 11:28:51,RTU_MAIN_BOT,,Ea79,기판반송 에러,/EX1:9/EX2:1,관리자,,,,ErrLog_RTU_MAIN_BOT_238_20251220.csv
KO,2025-12-20 11:29:57,RTU_MAIN_BOT,,Ea905,기판 반출후 정지,,관리자,,,,ErrLog_RTU_MAIN_BOT_240_20251220.csv
KO,2025-12-20 13:26:57,RTU_MAIN_BOT,,Ea31,부품흡착 에러,/TableA/M7/H1/C1/F25/VE150/FdrID=SSY-024-0023288A,관리자,,,,ErrLog_RTU_MAIN_BOT_500_20251220.csv
KO,2025-12-20 13:26:57,RTU_MAIN_BOT,,Ea31,부품흡착 에러,/TableA/M1/H9/C4/F31/VE150/FdrID=SSY-2T6-0079954A,관리자,,,,ErrLog_RTU_MAIN_BOT_500_20251220.csv
KO,2025-12-20 15:18:58,RTU_MAIN_BOT,,Ea31,부품흡착 에러,/TableA/M11/H4/C6/F33/VE150/FdrID=SSY-024-0024320A,관리자,,,,ErrLog_RTU_MAIN_BOT_750_20251220.csv
KO,2025-12-20 17:10:44,RTU_MAIN_BOT,,Ea31,부품흡착 에러,/TableA/M7/H1/C1/F25/VE150/FdrID=SSY-024-0023288A,관리자,,,,ErrLog_RTU_MAIN_BOT_1000_20251220.csv
KO,2025-12-22 11:01:04,RTU_MAIN_BOT,,O13187,샤프트 청소 블로우 정상 종료,/TableA,관리자,,,,ErrLog_RTU_MAIN_BOT_1150_20251222.csv
KO,2025-12-22 12:23:15,RTU_MAIN_BOT,,Ea31,부품흡착 에러,/TableA/M11/H4/C6/F33/VE150/FdrID=SSY-024-0024320A,관리자,,,,ErrLog_RTU_MAIN_BOT_1324_20251222.csv
KO,2025-12-22 12:23:30,RTU_MAIN_BOT,,Ea31,부품흡착 에러,/TableA/M11/H4/C6/F33/VE150/FdrID=SSY-024-0024320A,관리자,,,,ErrLog_RTU_MAIN_BOT_1324_20251222.csv
KO,2025-12-22 13:15:40,RTU_MAIN_BOT,,Ea31,부품흡착 에러,/TableA/M11/H4/C6/F33/VE150/FdrID=SSY-024-0024320A,관리자,,,,ErrLog_RTU_MAIN_BOT_1348_20251222.csv
KO,2025-12-22 13:17:54,RTU_MAIN_BOT,,Ea31,부품흡착 에러,/TableA/M11/H4/C6/F33/VE150/FdrID=SSY-024-0024320A,관리자,,,,ErrLog_RTU_MAIN_BOT_1348_20251222.csv
KO,2025-12-22 13:18:05,RTU_MAIN_BOT,,Ea814,인터록 앞쪽 피더들뜸 센서 2,,관리자,,,,ErrLog_RTU_MAIN_BOT_1348_20251222.csv
KO,2025-12-22 14:21:13,RTU_MAIN_BOT,,O30100,피더전송 미완료 에러,/TableA/SetNums25 ,관리자,,,,ErrLog_RTU_MAIN_BOT_1488_20251222.csv
KO,2025-12-22 14:21:17,RTU_MAIN_BOT,,Ea31,부품흡착 에러,/TableA/M7/H1/C1/F25/VE150/FdrID=SSY-024-0023288A,관리자,,,,ErrLog_RTU_MAIN_BOT_1488_20251222.csv
KO,2025-12-22 14:21:25,RTU_MAIN_BOT,,Ea814,인터록 앞쪽 피더들뜸 센서 2,,관리자,,,,ErrLog_RTU_MAIN_BOT_1488_20251222.csv
KO,2025-12-22 14:32:01,RTU_MAIN_BOT,,Ea814,인터록 앞쪽 피더들뜸 센서 2,,관리자,,,,ErrLog_RTU_MAIN_BOT_1500_20251222.csv
KO,2025-12-22 14:32:23,RTU_MAIN_BOT,,Ea814,인터록 앞쪽 피더들뜸 센서 2,,관리자,,,,ErrLog_RTU_MAIN_BOT_1500_20251222.csv
KO,2025-12-22 14:34:47,RTU_MAIN_TOP,,Ea814,인터록 앞쪽 피더들뜸 센서 2,,관리자,,,,ErrLog_RTU_MAIN_TOP_0_20251222.csv
KO,2025-12-22 15:23:20,RTU_MAIN_TOP,,Ea8,리드피치 에러,/TableA/M16/H1/C10/F36/VE152/FdrID=SSY-2T6-0081321A,관리자,,,,ErrLog_RTU_MAIN_TOP_9_20251222.csv
KO,2025-12-22 16:57:27,RTU_MAIN_TOP,,Ea13339,도중부터 탑재,(버튼)OK,관리자,,,,ErrLog_RTU_MAIN_TOP_62_20251222.csv
KO,2025-12-22 16:57:27,RTU_MAIN_TOP,,Ea12968,도중부터 운전,(버튼)예 /레인1 /실장위치,관리자,,,,ErrLog_RTU_MAIN_TOP_62_20251222.csv
KO,2025-12-22 18:27:40,RTU_MAIN_TOP,,Ea12968,도중부터 운전,(버튼)예 /레인1 /실장위치,관리자,,,,ErrLog_RTU_MAIN_TOP_226_20251222.csv
KO,2025-12-22 18:27:40,RTU_MAIN_TOP,,Ea13339,도중부터 탑재,(버튼)OK,관리자,,,,ErrLog_RTU_MAIN_TOP_226_20251222.csv
KO,2025-12-23 09:42:13,RTU_MAIN_TOP,,O13187,샤프트 청소 블로우 정상 종료,/TableA,관리자,,,,ErrLog_RTU_MAIN_TOP_426_20251223.csv
KO,2025-12-23 10:15:07,RTU_MAIN_TOP,,Ea8,리드피치 에러,/TableA/M16/H1/C10/F36/VE152/FdrID=SSY-2T6-0081321A,관리자,,,,ErrLog_RTU_MAIN_TOP_476_20251223.csv
KO,2025-12-23 10:20:35,RTU_MAIN_TOP,,Ea8,리드피치 에러,/TableA/M16/H1/C10/F36/VE152/FdrID=SSY-2T6-0081321A,관리자,,,,ErrLog_RTU_MAIN_TOP_486_20251223.csv
KO,2025-12-23 10:27:25,RTU_MAIN_TOP,,Ea31,부품흡착 에러,/TableA/M16/H1/C10/F36/VE150/FdrID=SSY-2T6-0081321A,관리자,,,,ErrLog_RTU_MAIN_TOP_498_20251223.csv
KO,2025-12-23 10:28:27,RTU_MAIN_TOP,,Ea31,부품흡착 에러,/TableA/M21/H2/C8/F29/VE150/FdrID=SSY-044-0003196A,관리자,,,,ErrLog_RTU_MAIN_TOP_500_20251223.csv
KO,2025-12-23 10:35:43,RTU_MAIN_TOP,,Ea31,부품흡착 에러,/TableA/M21/H2/C8/F29/VE150/FdrID=SSY-044-0003196A,관리자,,,,ErrLog_RTU_MAIN_TOP_513_20251223.csv
KO,2025-12-23 10:36:03,RTU_MAIN_TOP,,Ea31,부품흡착 에러,/TableA/M21/H2/C8/F29/VE150/FdrID=SSY-044-0003196A,관리자,,,,ErrLog_RTU_MAIN_TOP_513_20251223.csv
KO,2025-12-23 10:36:18,RTU_MAIN_TOP,,Ea31,부품흡착 에러,/TableA/M21/H2/C8/F29/VE150/FdrID=SSY-044-0003196A,관리자,,,,ErrLog_RTU_MAIN_TOP_513_20251223.csv
KO,2025-12-23 10:36:30,RTU_MAIN_TOP,,Ea31,부품흡착 에러,/TableA/M21/H2/C8/F29/VE150/FdrID=SSY-044-0003196A,관리자,,,,ErrLog_RTU_MAIN_TOP_513_20251223.csv
KO,2025-12-23 10:36:44,RTU_MAIN_TOP,,Ea31,부품흡착 에러,/TableA/M21/H2/C8/F29/VE150/FdrID=SSY-044-0003196A,관리자,,,,ErrLog_RTU_MAIN_TOP_513_20251223.csv
KO,2025-12-23 11:02:30,RTU_MAIN_TOP,,Ea31,부품흡착 에러,/TableA/M21/H2/C8/F29/VE150/FdrID=SSY-044-0003196A,관리자,,,,ErrLog_RTU_MAIN_TOP_560_20251223.csv
KO,2025-12-23 12:17:11,RTU_MAIN_TOP,,Ea31,부품흡착 에러,/TableA/M21/H2/C8/F29/VE150/FdrID=SSY-044-0003196A,관리자,,,,ErrLog_RTU_MAIN_TOP_696_20251223.csv
KO,2025-12-23 12:47:53,RTU_MAIN_TOP,,Ea31,부품흡착 에러,/TableA/M22/H3/C7/F34/VE150/FdrID=SSY-2T6-0081792A,관리자,,,,ErrLog_RTU_MAIN_TOP_752_20251223.csv
KO,2025-12-23 12:56:52,RTU_MAIN_TOP,,Ea8,리드피치 에러,/TableA/M16/H1/C10/F36/VE152/FdrID=SSY-2T6-0081321A,관리자,,,,ErrLog_RTU_MAIN_TOP_769_20251223.csv
KO,2025-12-23 13:08:30,RTU_MAIN_TOP,,Ea31,부품흡착 에러,/TableA/M21/H2/C8/F29/VE150/FdrID=SSY-044-0003196A,관리자,,,,ErrLog_RTU_MAIN_TOP_790_20251223.csv
KO,2025-12-23 13:08:49,RTU_MAIN_TOP,,Ea31,부품흡착 에러,/TableA/M21/H2/C8/F29/VE150/FdrID=SSY-044-0003196A,관리자,,,,ErrLog_RTU_MAIN_TOP_790_20251223.csv
KO,2025-12-23 15:40:41,RTU_MAIN_TOP,,Ea8,리드피치 에러,/TableA/M16/H1/C10/F36/VE152/FdrID=SSY-2T6-0081321A,관리자,,,,ErrLog_RTU_MAIN_TOP_825_20251223.csv
KO,2025-12-23 16:36:24,RTU_MAIN_TOP,,Ea31,부품흡착 에러,/TableA/M21/H2/C8/F29/VE150/FdrID=SSY-044-0003196A,관리자,,,,ErrLog_RTU_MAIN_TOP_927_20251223.csv
KO,2025-12-23 16:36:43,RTU_MAIN_TOP,,Ea31,부품흡착 에러,/TableA/M21/H2/C8/F29/VE150/FdrID=SSY-044-0003196A,관리자,,,,ErrLog_RTU_MAIN_TOP_927_20251223.csv
KO,2025-12-23 17:14:40,RTU_MAIN_TOP,,Ea31,부품흡착 에러,/TableA/M16/H1/C10/F36/VE150/FdrID=SSY-2T6-0081321A,관리자,,,,ErrLog_RTU_MAIN_TOP_997_20251223.csv
KO,2025-12-23 17:16:12,RTU_MAIN_TOP,,Ea31,부품흡착 에러,/TableA/M21/H2/C8/F29/VE150/FdrID=SSY-044-0003196A,관리자,,,,ErrLog_RTU_MAIN_TOP_1000_20251223.csv
KO,2025-12-23 19:48:24,RTU_MAIN_TOP,,Ea8,리드피치 에러,/TableA/M16/H1/C10/F36/VE152/FdrID=SSY-2T6-0081321A,관리자,,,,ErrLog_RTU_MAIN_TOP_1279_20251223.csv
KO,2025-12-23 21:37:44,RTU_MAIN_TOP,,Ea8,리드피치 에러,/TableA/M16/H1/C10/F36/VE152/FdrID=SSY-2T6-0081321A,관리자,,,,ErrLog_RTU_MAIN_TOP_1480_20251223.csv
KO,2025-12-23 21:43:33,RTU_MAIN_TOP,,O13187,샤프트 청소 블로우 정상 종료,/TableA,관리자,,,,ErrLog_RTU_MAIN_TOP_1490_20251223.csv
KO,2025-12-23 21:48:13,RTU_MAIN_TOP,,Ea31,부품흡착 에러,/TableA/M16/H1/C10/F36/VE150/FdrID=SSY-2T6-0081321A,관리자,,,,ErrLog_RTU_MAIN_TOP_1498_20251223.csv
KO,2025-12-23 21:51:43,RTU_MAIN_TOP,,Ea31,부품흡착 에러,/TableA/M16/H1/C10/F36/VE150/FdrID=SSY-2T6-0081321A,관리자,,,,ErrLog_RTU_MAIN_TOP_1499_20251223.csv
KO,2025-12-23 21:52:29,RTU_MAIN_TOP,,Ea12968,도중부터 운전,(버튼)예 /레인1 /실장위치,관리자,,,,ErrLog_RTU_MAIN_TOP_1499_20251223.csv
KO,2025-12-23 21:52:29,RTU_MAIN_TOP,,Ea13339,도중부터 탑재,(버튼)OK,관리자,,,,ErrLog_RTU_MAIN_TOP_1499_20251223.csv
